child_id,parent_id,relation
GO:0000122,GO:0006357,is_a
GO:0000122,GO:0045892,is_a
GO:0000139,GO:0098588,is_a
GO:0000139,GO:0005794,part_of
GO:0000166,GO:1901265,is_a
GO:0000166,GO:1901363,is_a
GO:0000209,GO:0016567,is_a
GO:0000323,GO:0005773,is_a
GO:0000785,GO:0110165,is_a
GO:0000785,GO:0005694,part_of
GO:0000976,GO:0001067,is_a
GO:0000976,GO:1990837,is_a
GO:0000977,GO:0000976,is_a
GO:0000978,GO:0000977,is_a
GO:0000978,GO:0000987,is_a
GO:0000981,GO:0003700,is_a
GO:0000987,GO:0000976,is_a
GO:0001067,GO:0003676,is_a
GO:0001101,GO:0042221,is_a
GO:0001216,GO:0003700,is_a
GO:0001217,GO:0003700,is_a
GO:0001221,GO:0008134,is_a
GO:0001222,GO:0001221,is_a
GO:0001223,GO:0001221,is_a
GO:0001227,GO:0000981,is_a
GO:0001227,GO:0001217,is_a
GO:0001228,GO:0000981,is_a
GO:0001228,GO:0001216,is_a
GO:0001540,GO:0042277,is_a
GO:0001558,GO:0040008,is_a
GO:0001558,GO:0051128,is_a
GO:0001568,GO:0048856,is_a
GO:0001568,GO:0001944,part_of
GO:0001659,GO:0048871,is_a
GO:0001666,GO:0006950,is_a
GO:0001666,GO:0036293,is_a
GO:0001678,GO:0042593,is_a
GO:0001678,GO:0055082,is_a
GO:0001727,GO:0016301,is_a
GO:0001750,GO:0110165,is_a
GO:0001750,GO:0097733,part_of
GO:0001775,GO:0009987,is_a
GO:0001775,GO:0032501,is_a
GO:0001784,GO:0045309,is_a
GO:0001817,GO:0010468,is_a
GO:0001817,GO:0051239,is_a
GO:0001819,GO:0001817,is_a
GO:0001819,GO:0010628,is_a
GO:0001819,GO:0051240,is_a
GO:0001822,GO:0048513,is_a
GO:0001822,GO:0072001,part_of
GO:0001889,GO:0048732,is_a
GO:0001889,GO:0061008,part_of
GO:0001890,GO:0048513,is_a
GO:0001894,GO:0060249,is_a
GO:0001894,GO:0048871,part_of
GO:0001906,GO:0009987,is_a
GO:0001909,GO:0001906,is_a
GO:0001909,GO:0002443,is_a
GO:0001936,GO:0050678,is_a
GO:0001937,GO:0001936,is_a
GO:0001937,GO:0050680,is_a
GO:0001944,GO:0048731,is_a
GO:0001944,GO:0072359,part_of
GO:0001959,GO:0009966,is_a
GO:0001959,GO:0060759,is_a
GO:0001960,GO:0001959,is_a
GO:0001960,GO:0009968,is_a
GO:0001960,GO:0060761,is_a
GO:0002020,GO:0019899,is_a
GO:0002090,GO:0048259,is_a
GO:0002092,GO:0002090,is_a
GO:0002092,GO:0048260,is_a
GO:0002228,GO:0002449,is_a
GO:0002228,GO:0045087,is_a
GO:0002237,GO:0043207,is_a
GO:0002237,GO:0009617,part_of
GO:0002252,GO:0002376,is_a
GO:0002376,GO:0008150,is_a
GO:0002443,GO:0002252,is_a
GO:0002449,GO:0002443,is_a
GO:0002521,GO:0030154,is_a
GO:0002521,GO:0030097,part_of
GO:0002526,GO:0006954,is_a
GO:0002573,GO:0002521,is_a
GO:0002573,GO:0030099,is_a
GO:0002673,GO:0050727,is_a
GO:0002674,GO:0002673,is_a
GO:0002674,GO:0050728,is_a
GO:0002682,GO:0050789,is_a
GO:0002683,GO:0002682,is_a
GO:0002683,GO:0048519,is_a
GO:0002684,GO:0002682,is_a
GO:0002684,GO:0048518,is_a
GO:0002694,GO:0002682,is_a
GO:0002694,GO:0050865,is_a
GO:0002696,GO:0002684,is_a
GO:0002696,GO:0002694,is_a
GO:0002696,GO:0050867,is_a
GO:0002697,GO:0002682,is_a
GO:0002698,GO:0002683,is_a
GO:0002698,GO:0002697,is_a
GO:0002790,GO:0015833,is_a
GO:0002790,GO:0046903,is_a
GO:0002791,GO:0051046,is_a
GO:0002791,GO:0090087,is_a
GO:0002792,GO:0002791,is_a
GO:0002792,GO:0051048,is_a
GO:0002793,GO:0002791,is_a
GO:0002793,GO:0051047,is_a
GO:0002831,GO:0048583,is_a
GO:0002832,GO:0002831,is_a
GO:0002832,GO:0048585,is_a
GO:0002902,GO:0070228,is_a
GO:0002903,GO:0002902,is_a
GO:0002903,GO:0070229,is_a
GO:0003006,GO:0022414,is_a
GO:0003006,GO:0032502,is_a
GO:0003007,GO:0009887,is_a
GO:0003007,GO:0007507,part_of
GO:0003008,GO:0032501,is_a
GO:0003013,GO:0003008,is_a
GO:0003014,GO:0003008,is_a
GO:0003018,GO:0003013,is_a
GO:0003309,GO:0035883,is_a
GO:0003309,GO:0031018,part_of
GO:0003676,GO:0005488,is_a
GO:0003677,GO:0003676,is_a
GO:0003682,GO:0005488,is_a
GO:0003690,GO:0003677,is_a
GO:0003700,GO:0140110,is_a
GO:0003824,GO:0003674,is_a
GO:0004340,GO:0004396,is_a
GO:0004396,GO:0016773,is_a
GO:0004396,GO:0019200,is_a
GO:0004672,GO:0016301,is_a
GO:0004672,GO:0016773,is_a
GO:0004672,GO:0140096,is_a
GO:0004713,GO:0004672,is_a
GO:0004714,GO:0004713,is_a
GO:0004714,GO:0019199,is_a
GO:0004879,GO:0000981,is_a
GO:0004879,GO:0038023,is_a
GO:0004879,GO:0098531,is_a
GO:0004888,GO:0038023,is_a
GO:0004930,GO:0004888,is_a
GO:0004953,GO:0004930,is_a
GO:0004954,GO:0004953,is_a
GO:0004955,GO:0004954,is_a
GO:0005009,GO:0004714,is_a
GO:0005009,GO:0016500,is_a
GO:0005068,GO:0030159,is_a
GO:0005068,GO:0030971,is_a
GO:0005080,GO:0019901,is_a
GO:0005102,GO:0005515,is_a
GO:0005126,GO:0005102,is_a
GO:0005158,GO:0005102,is_a
GO:0005159,GO:0005102,is_a
GO:0005165,GO:0005126,is_a
GO:0005167,GO:0005165,is_a
GO:0005168,GO:0005167,is_a
GO:0005179,GO:0048018,is_a
GO:0005198,GO:0003674,is_a
GO:0005215,GO:0003674,is_a
GO:0005216,GO:0015075,is_a
GO:0005216,GO:0015267,is_a
GO:0005242,GO:0005249,is_a
GO:0005242,GO:0099094,is_a
GO:0005244,GO:0005216,is_a
GO:0005244,GO:0022832,is_a
GO:0005249,GO:0005267,is_a
GO:0005249,GO:0022843,is_a
GO:0005261,GO:0005216,is_a
GO:0005261,GO:0008324,is_a
GO:0005267,GO:0005261,is_a
GO:0005267,GO:0015079,is_a
GO:0005353,GO:0015149,is_a
GO:0005354,GO:0015149,is_a
GO:0005488,GO:0003674,is_a
GO:0005504,GO:0008289,is_a
GO:0005504,GO:0033293,is_a
GO:0005515,GO:0005488,is_a
GO:0005520,GO:0019838,is_a
GO:0005524,GO:0032559,is_a
GO:0005524,GO:0035639,is_a
GO:0005525,GO:0032561,is_a
GO:0005525,GO:0035639,is_a
GO:0005536,GO:0048029,is_a
GO:0005576,GO:0110165,is_a
GO:0005622,GO:0110165,is_a
GO:0005634,GO:0043231,is_a
GO:0005635,GO:0031967,is_a
GO:0005635,GO:0005634,part_of
GO:0005635,GO:0012505,part_of
GO:0005654,GO:0110165,is_a
GO:0005654,GO:0031981,part_of
GO:0005667,GO:0032991,is_a
GO:0005694,GO:0043232,is_a
GO:0005737,GO:0110165,is_a
GO:0005737,GO:0005622,part_of
GO:0005739,GO:0043231,is_a
GO:0005739,GO:0005737,part_of
GO:0005764,GO:0000323,is_a
GO:0005768,GO:0031410,is_a
GO:0005768,GO:0012505,part_of
GO:0005770,GO:0005768,is_a
GO:0005773,GO:0043231,is_a
GO:0005773,GO:0005737,part_of
GO:0005783,GO:0043231,is_a
GO:0005783,GO:0005737,part_of
GO:0005783,GO:0012505,part_of
GO:0005788,GO:0070013,is_a
GO:0005788,GO:0005783,part_of
GO:0005789,GO:0031090,is_a
GO:0005789,GO:0042175,part_of
GO:0005789,GO:0098827,part_of
GO:0005793,GO:0043231,is_a
GO:0005793,GO:0005737,part_of
GO:0005794,GO:0043231,is_a
GO:0005794,GO:0005737,part_of
GO:0005794,GO:0012505,part_of
GO:0005796,GO:0070013,is_a
GO:0005796,GO:0005794,part_of
GO:0005801,GO:0043231,is_a
GO:0005801,GO:0005794,part_of
GO:0005829,GO:0110165,is_a
GO:0005829,GO:0005737,part_of
GO:0005886,GO:0016020,is_a
GO:0005886,GO:0071944,part_of
GO:0005899,GO:0098802,is_a
GO:0005899,GO:1902911,is_a
GO:0005901,GO:0044853,is_a
GO:0005903,GO:0098862,is_a
GO:0005903,GO:0045177,part_of
GO:0005911,GO:0070161,is_a
GO:0005929,GO:0043227,is_a
GO:0005929,GO:0120025,is_a
GO:0005942,GO:0061695,is_a
GO:0005942,GO:0098796,is_a
GO:0005942,GO:0019898,part_of
GO:0005943,GO:0097651,is_a
GO:0005975,GO:0044238,is_a
GO:0005979,GO:0010962,is_a
GO:0005979,GO:0070873,is_a
GO:0005981,GO:0043470,is_a
GO:0005981,GO:0070873,is_a
GO:0005996,GO:0005975,is_a
GO:0005996,GO:0044281,is_a
GO:0006006,GO:0019318,is_a
GO:0006007,GO:0006006,is_a
GO:0006007,GO:0019320,is_a
GO:0006082,GO:0044281,is_a
GO:0006090,GO:0032787,is_a
GO:0006091,GO:0008152,is_a
GO:0006096,GO:0006090,is_a
GO:0006096,GO:0006091,is_a
GO:0006096,GO:0016052,is_a
GO:0006096,GO:0019364,is_a
GO:0006096,GO:0046032,is_a
GO:0006096,GO:0046034,is_a
GO:0006096,GO:0046496,is_a
GO:0006096,GO:0009060,part_of
GO:0006109,GO:0080090,is_a
GO:0006110,GO:0033121,is_a
GO:0006110,GO:0043467,is_a
GO:0006110,GO:0043470,is_a
GO:0006110,GO:1903578,is_a
GO:0006111,GO:0010906,is_a
GO:0006111,GO:0043255,is_a
GO:0006139,GO:0044238,is_a
GO:0006140,GO:0019219,is_a
GO:0006140,GO:0051174,is_a
GO:0006140,GO:0062012,is_a
GO:0006163,GO:0009117,is_a
GO:0006163,GO:0072521,is_a
GO:0006195,GO:0006163,is_a
GO:0006195,GO:0009166,is_a
GO:0006195,GO:0072523,is_a
GO:0006259,GO:0090304,is_a
GO:0006351,GO:0032774,is_a
GO:0006351,GO:0010467,part_of
GO:0006355,GO:0010468,is_a
GO:0006355,GO:2001141,is_a
GO:0006357,GO:0006355,is_a
GO:0006366,GO:0006351,is_a
GO:0006468,GO:0016310,is_a
GO:0006468,GO:0036211,is_a
GO:0006473,GO:0043543,is_a
GO:0006521,GO:0080090,is_a
GO:0006629,GO:0044238,is_a
GO:0006631,GO:0006629,is_a
GO:0006631,GO:0032787,is_a
GO:0006644,GO:0006629,is_a
GO:0006644,GO:0006796,is_a
GO:0006644,GO:0019637,is_a
GO:0006650,GO:0006644,is_a
GO:0006650,GO:0046486,is_a
GO:0006753,GO:0006796,is_a
GO:0006753,GO:0019637,is_a
GO:0006753,GO:0055086,is_a
GO:0006793,GO:0008152,is_a
GO:0006796,GO:0006793,is_a
GO:0006805,GO:0008152,is_a
GO:0006805,GO:0071466,part_of
GO:0006810,GO:0051234,is_a
GO:0006811,GO:0006810,is_a
GO:0006812,GO:0006811,is_a
GO:0006813,GO:0030001,is_a
GO:0006816,GO:0030001,is_a
GO:0006869,GO:0006810,is_a
GO:0006869,GO:0010876,part_of
GO:0006897,GO:0016192,is_a
GO:0006897,GO:0098657,is_a
GO:0006898,GO:0006897,is_a
GO:0006915,GO:0012501,is_a
GO:0006921,GO:0022411,is_a
GO:0006921,GO:0097194,part_of
GO:0006950,GO:0050896,is_a
GO:0006952,GO:0006950,is_a
GO:0006953,GO:0002526,is_a
GO:0006954,GO:0006952,is_a
GO:0006955,GO:0002376,is_a
GO:0006955,GO:0050896,is_a
GO:0006974,GO:0033554,is_a
GO:0006979,GO:0006950,is_a
GO:0006996,GO:0016043,is_a
GO:0007088,GO:0007346,is_a
GO:0007088,GO:0010564,is_a
GO:0007088,GO:0051783,is_a
GO:0007154,GO:0009987,is_a
GO:0007155,GO:0009987,is_a
GO:0007165,GO:0009987,is_a
GO:0007165,GO:0050794,is_a
GO:0007165,GO:0007154,part_of
GO:0007165,GO:0023052,part_of
GO:0007165,GO:0051716,part_of
GO:0007166,GO:0007165,is_a
GO:0007167,GO:0007166,is_a
GO:0007169,GO:0007167,is_a
GO:0007178,GO:0007167,is_a
GO:0007186,GO:0007165,is_a
GO:0007224,GO:0007166,is_a
GO:0007263,GO:0141124,is_a
GO:0007267,GO:0007154,is_a
GO:0007267,GO:0023052,is_a
GO:0007275,GO:0032501,is_a
GO:0007275,GO:0048856,is_a
GO:0007346,GO:0051726,is_a
GO:0007507,GO:0048513,is_a
GO:0007507,GO:0072359,part_of
GO:0007548,GO:0003006,is_a
GO:0007565,GO:0044703,is_a
GO:0007565,GO:0044706,is_a
GO:0007584,GO:0031667,is_a
GO:0007584,GO:0042221,is_a
GO:0007596,GO:0007599,is_a
GO:0007596,GO:0050817,is_a
GO:0007596,GO:0042060,part_of
GO:0007599,GO:0050878,is_a
GO:0007610,GO:0032501,is_a
GO:0007611,GO:0007610,is_a
GO:0007611,GO:0050890,is_a
GO:0007612,GO:0007611,is_a
GO:0007613,GO:0007611,is_a
GO:0007632,GO:0007610,is_a
GO:0007632,GO:0009416,is_a
GO:0008013,GO:0005515,is_a
GO:0008015,GO:0003013,is_a
GO:0008021,GO:0070382,is_a
GO:0008021,GO:0098793,part_of
GO:0008047,GO:0030234,is_a
GO:0008047,GO:0140677,is_a
GO:0008092,GO:0005515,is_a
GO:0008104,GO:0033036,is_a
GO:0008134,GO:0005515,is_a
GO:0008152,GO:0009987,is_a
GO:0008217,GO:0065008,is_a
GO:0008217,GO:0008015,part_of
GO:0008219,GO:0009987,is_a
GO:0008270,GO:0046914,is_a
GO:0008281,GO:0004888,is_a
GO:0008282,GO:0034705,is_a
GO:0008282,GO:0098797,is_a
GO:0008284,GO:0042127,is_a
GO:0008284,GO:0048522,is_a
GO:0008285,GO:0042127,is_a
GO:0008285,GO:0048523,is_a
GO:0008286,GO:0007169,is_a
GO:0008286,GO:0032869,part_of
GO:0008289,GO:0005488,is_a
GO:0008306,GO:0007612,is_a
GO:0008324,GO:0015075,is_a
GO:0008406,GO:0048513,is_a
GO:0008406,GO:0048608,is_a
GO:0008406,GO:0045137,part_of
GO:0008542,GO:0007632,is_a
GO:0008542,GO:0008306,is_a
GO:0008584,GO:0008406,is_a
GO:0008584,GO:0046546,part_of
GO:0008610,GO:0006629,is_a
GO:0008610,GO:0009058,is_a
GO:0008643,GO:0006810,is_a
GO:0008645,GO:0015749,is_a
GO:0008654,GO:0006644,is_a
GO:0008654,GO:0008610,is_a
GO:0008654,GO:0090407,is_a
GO:0008865,GO:0004396,is_a
GO:0009056,GO:0008152,is_a
GO:0009058,GO:0008152,is_a
GO:0009059,GO:0009058,is_a
GO:0009059,GO:0043170,is_a
GO:0009060,GO:0045333,is_a
GO:0009117,GO:0006753,is_a
GO:0009132,GO:0006753,is_a
GO:0009134,GO:0009132,is_a
GO:0009134,GO:1901292,is_a
GO:0009135,GO:0009132,is_a
GO:0009137,GO:0009134,is_a
GO:0009137,GO:0009135,is_a
GO:0009141,GO:0006753,is_a
GO:0009144,GO:0009141,is_a
GO:0009150,GO:0006163,is_a
GO:0009150,GO:0009259,is_a
GO:0009154,GO:0006195,is_a
GO:0009154,GO:0009150,is_a
GO:0009154,GO:0009261,is_a
GO:0009166,GO:0009117,is_a
GO:0009166,GO:1901292,is_a
GO:0009179,GO:0009135,is_a
GO:0009179,GO:0009185,is_a
GO:0009181,GO:0009137,is_a
GO:0009181,GO:0009179,is_a
GO:0009181,GO:0009191,is_a
GO:0009185,GO:0009132,is_a
GO:0009191,GO:0009134,is_a
GO:0009191,GO:0009185,is_a
GO:0009205,GO:0009144,is_a
GO:0009259,GO:0009117,is_a
GO:0009259,GO:0019693,is_a
GO:0009261,GO:0009166,is_a
GO:0009261,GO:0009259,is_a
GO:0009261,GO:1901136,is_a
GO:0009266,GO:0009628,is_a
GO:0009267,GO:0031669,is_a
GO:0009267,GO:0033554,is_a
GO:0009267,GO:0042594,is_a
GO:0009268,GO:0009628,is_a
GO:0009299,GO:0006351,is_a
GO:0009299,GO:0016071,is_a
GO:0009306,GO:0015031,is_a
GO:0009306,GO:0032940,is_a
GO:0009306,GO:0035592,is_a
GO:0009306,GO:0071692,is_a
GO:0009314,GO:0009628,is_a
GO:0009409,GO:0006950,is_a
GO:0009409,GO:0009266,is_a
GO:0009410,GO:0042221,is_a
GO:0009416,GO:0009314,is_a
GO:0009605,GO:0050896,is_a
GO:0009607,GO:0050896,is_a
GO:0009611,GO:0006950,is_a
GO:0009617,GO:0051707,is_a
GO:0009628,GO:0050896,is_a
GO:0009653,GO:0032502,is_a
GO:0009653,GO:0048856,part_of
GO:0009719,GO:0050896,is_a
GO:0009725,GO:0009719,is_a
GO:0009725,GO:0042221,is_a
GO:0009743,GO:1901700,is_a
GO:0009746,GO:0034284,is_a
GO:0009749,GO:0009746,is_a
GO:0009755,GO:0007165,is_a
GO:0009755,GO:0032870,part_of
GO:0009756,GO:0007165,is_a
GO:0009756,GO:0071322,part_of
GO:0009757,GO:0010182,is_a
GO:0009757,GO:0071331,part_of
GO:0009887,GO:0009653,is_a
GO:0009887,GO:0048513,part_of
GO:0009888,GO:0048856,is_a
GO:0009889,GO:0019222,is_a
GO:0009890,GO:0009889,is_a
GO:0009890,GO:0009892,is_a
GO:0009891,GO:0009889,is_a
GO:0009891,GO:0009893,is_a
GO:0009892,GO:0019222,is_a
GO:0009892,GO:0048523,is_a
GO:0009893,GO:0019222,is_a
GO:0009893,GO:0048522,is_a
GO:0009894,GO:0019222,is_a
GO:0009895,GO:0009892,is_a
GO:0009895,GO:0009894,is_a
GO:0009896,GO:0009893,is_a
GO:0009896,GO:0009894,is_a
GO:0009897,GO:0098552,is_a
GO:0009897,GO:0005886,part_of
GO:0009897,GO:0009986,part_of
GO:0009914,GO:0006810,is_a
GO:0009914,GO:0010817,is_a
GO:0009966,GO:0010646,is_a
GO:0009966,GO:0023051,is_a
GO:0009966,GO:0048583,is_a
GO:0009967,GO:0009966,is_a
GO:0009967,GO:0010647,is_a
GO:0009967,GO:0023056,is_a
GO:0009967,GO:0048584,is_a
GO:0009968,GO:0009966,is_a
GO:0009968,GO:0010648,is_a
GO:0009968,GO:0023057,is_a
GO:0009968,GO:0048585,is_a
GO:0009986,GO:0110165,is_a
GO:0009987,GO:0008150,is_a
GO:0010008,GO:0030659,is_a
GO:0010008,GO:0098588,is_a
GO:0010008,GO:0005768,part_of
GO:0010038,GO:0042221,is_a
GO:0010039,GO:0010038,is_a
GO:0010040,GO:0010039,is_a
GO:0010043,GO:0010038,is_a
GO:0010157,GO:1901700,is_a
GO:0010182,GO:0009756,is_a
GO:0010232,GO:0003018,is_a
GO:0010232,GO:0006810,is_a
GO:0010255,GO:0009757,is_a
GO:0010255,GO:0071333,part_of
GO:0010467,GO:0009059,is_a
GO:0010468,GO:0010556,is_a
GO:0010506,GO:0009894,is_a
GO:0010508,GO:0009896,is_a
GO:0010508,GO:0010506,is_a
GO:0010556,GO:0009889,is_a
GO:0010556,GO:0060255,is_a
GO:0010557,GO:0009891,is_a
GO:0010557,GO:0010556,is_a
GO:0010557,GO:0010604,is_a
GO:0010558,GO:0009890,is_a
GO:0010558,GO:0010556,is_a
GO:0010558,GO:0010605,is_a
GO:0010559,GO:0010556,is_a
GO:0010559,GO:1903018,is_a
GO:0010560,GO:0010557,is_a
GO:0010560,GO:0010559,is_a
GO:0010560,GO:1903020,is_a
GO:0010562,GO:0009893,is_a
GO:0010562,GO:0051174,is_a
GO:0010564,GO:0051726,is_a
GO:0010565,GO:0019222,is_a
GO:0010591,GO:0120032,is_a
GO:0010591,GO:1902743,is_a
GO:0010592,GO:0010591,is_a
GO:0010592,GO:0120034,is_a
GO:0010592,GO:1902745,is_a
GO:0010594,GO:0030334,is_a
GO:0010596,GO:0010594,is_a
GO:0010596,GO:0030336,is_a
GO:0010604,GO:0009893,is_a
GO:0010604,GO:0060255,is_a
GO:0010605,GO:0009892,is_a
GO:0010605,GO:0060255,is_a
GO:0010611,GO:0014743,is_a
GO:0010611,GO:0043502,is_a
GO:0010612,GO:0043502,is_a
GO:0010614,GO:0010611,is_a
GO:0010614,GO:0014741,is_a
GO:0010616,GO:0010612,is_a
GO:0010616,GO:0014745,is_a
GO:0010628,GO:0010468,is_a
GO:0010628,GO:0010557,is_a
GO:0010629,GO:0010468,is_a
GO:0010629,GO:0010558,is_a
GO:0010638,GO:0033043,is_a
GO:0010638,GO:0051130,is_a
GO:0010639,GO:0033043,is_a
GO:0010639,GO:0051129,is_a
GO:0010646,GO:0050794,is_a
GO:0010647,GO:0010646,is_a
GO:0010647,GO:0048522,is_a
GO:0010648,GO:0010646,is_a
GO:0010648,GO:0048523,is_a
GO:0010660,GO:0042981,is_a
GO:0010661,GO:0010660,is_a
GO:0010661,GO:0043065,is_a
GO:0010717,GO:0045595,is_a
GO:0010718,GO:0010717,is_a
GO:0010718,GO:0045597,is_a
GO:0010718,GO:0051240,is_a
GO:0010721,GO:0045596,is_a
GO:0010721,GO:0060284,is_a
GO:0010743,GO:0045595,is_a
GO:0010745,GO:0010743,is_a
GO:0010745,GO:0045596,is_a
GO:0010746,GO:0034762,is_a
GO:0010746,GO:0140212,is_a
GO:0010748,GO:0010746,is_a
GO:0010748,GO:0034763,is_a
GO:0010748,GO:0140213,is_a
GO:0010749,GO:1902531,is_a
GO:0010750,GO:0010749,is_a
GO:0010750,GO:1902533,is_a
GO:0010817,GO:0065008,is_a
GO:0010821,GO:0033043,is_a
GO:0010827,GO:0034762,is_a
GO:0010828,GO:0010827,is_a
GO:0010828,GO:0034764,is_a
GO:0010874,GO:0032374,is_a
GO:0010875,GO:0010874,is_a
GO:0010875,GO:0032376,is_a
GO:0010876,GO:0033036,is_a
GO:0010883,GO:0050794,is_a
GO:0010885,GO:0010883,is_a
GO:0010887,GO:0010885,is_a
GO:0010887,GO:0010888,is_a
GO:0010888,GO:0010883,is_a
GO:0010888,GO:0048523,is_a
GO:0010888,GO:1905953,is_a
GO:0010906,GO:0006109,is_a
GO:0010906,GO:0062012,is_a
GO:0010907,GO:0010906,is_a
GO:0010907,GO:0045913,is_a
GO:0010907,GO:0062013,is_a
GO:0010908,GO:1904098,is_a
GO:0010909,GO:0010908,is_a
GO:0010909,GO:1902730,is_a
GO:0010909,GO:1904100,is_a
GO:0010918,GO:0045838,is_a
GO:0010918,GO:0051881,is_a
GO:0010959,GO:0043269,is_a
GO:0010962,GO:0032885,is_a
GO:0010975,GO:0120035,is_a
GO:0010976,GO:0010975,is_a
GO:0010976,GO:0031346,is_a
GO:0010984,GO:0051239,is_a
GO:0010985,GO:0010984,is_a
GO:0010985,GO:0051241,is_a
GO:0010988,GO:0010984,is_a
GO:0010989,GO:0010985,is_a
GO:0010989,GO:0010988,is_a
GO:0012501,GO:0008219,is_a
GO:0012505,GO:0110165,is_a
GO:0012506,GO:0031090,is_a
GO:0012506,GO:0031982,part_of
GO:0014013,GO:0050767,is_a
GO:0014014,GO:0014013,is_a
GO:0014014,GO:0050768,is_a
GO:0014074,GO:1901698,is_a
GO:0014741,GO:0014743,is_a
GO:0014741,GO:0051241,is_a
GO:0014743,GO:0090257,is_a
GO:0014745,GO:0043502,is_a
GO:0014745,GO:0048585,is_a
GO:0014745,GO:0051241,is_a
GO:0015031,GO:0006810,is_a
GO:0015031,GO:0008104,is_a
GO:0015031,GO:0045184,is_a
GO:0015075,GO:0022857,is_a
GO:0015079,GO:0046873,is_a
GO:0015144,GO:0022857,is_a
GO:0015145,GO:0051119,is_a
GO:0015149,GO:0015145,is_a
GO:0015267,GO:0022803,is_a
GO:0015272,GO:0005242,is_a
GO:0015276,GO:0005216,is_a
GO:0015276,GO:0022834,is_a
GO:0015399,GO:0022804,is_a
GO:0015711,GO:0006810,is_a
GO:0015718,GO:0046942,is_a
GO:0015749,GO:0034219,is_a
GO:0015755,GO:0008645,is_a
GO:0015757,GO:0008645,is_a
GO:0015833,GO:0006810,is_a
GO:0015849,GO:0006810,is_a
GO:0015908,GO:0006869,is_a
GO:0015908,GO:0015718,is_a
GO:0015909,GO:0015908,is_a
GO:0015980,GO:0006091,is_a
GO:0016020,GO:0110165,is_a
GO:0016032,GO:0008150,is_a
GO:0016043,GO:0071840,is_a
GO:0016052,GO:0005975,is_a
GO:0016052,GO:0009056,is_a
GO:0016055,GO:0007166,is_a
GO:0016070,GO:0090304,is_a
GO:0016071,GO:0016070,is_a
GO:0016192,GO:0006810,is_a
GO:0016192,GO:0009987,is_a
GO:0016301,GO:0016772,is_a
GO:0016310,GO:0006796,is_a
GO:0016324,GO:0098590,is_a
GO:0016324,GO:0045177,part_of
GO:0016462,GO:0016818,is_a
GO:0016500,GO:0038023,is_a
GO:0016525,GO:0045765,is_a
GO:0016525,GO:2000181,is_a
GO:0016567,GO:0032446,is_a
GO:0016604,GO:0043232,is_a
GO:0016604,GO:0005654,part_of
GO:0016605,GO:0016604,is_a
GO:0016607,GO:0140168,is_a
GO:0016740,GO:0003824,is_a
GO:0016772,GO:0016740,is_a
GO:0016773,GO:0016772,is_a
GO:0016787,GO:0003824,is_a
GO:0016817,GO:0016787,is_a
GO:0016818,GO:0016817,is_a
GO:0016887,GO:0017111,is_a
GO:0016887,GO:0140657,part_of
GO:0016922,GO:0061629,is_a
GO:0017015,GO:0090092,is_a
GO:0017015,GO:1903844,is_a
GO:0017046,GO:0042562,is_a
GO:0017076,GO:0000166,is_a
GO:0017111,GO:0016462,is_a
GO:0019001,GO:0017076,is_a
GO:0019058,GO:0016032,is_a
GO:0019158,GO:0004396,is_a
GO:0019199,GO:0004672,is_a
GO:0019199,GO:0004888,is_a
GO:0019200,GO:0016301,is_a
GO:0019207,GO:0030234,is_a
GO:0019209,GO:0008047,is_a
GO:0019209,GO:0019207,is_a
GO:0019216,GO:0080090,is_a
GO:0019217,GO:0010565,is_a
GO:0019217,GO:0019216,is_a
GO:0019217,GO:0062012,is_a
GO:0019219,GO:0080090,is_a
GO:0019221,GO:0007166,is_a
GO:0019221,GO:0071345,part_of
GO:0019222,GO:0050794,is_a
GO:0019318,GO:0005996,is_a
GO:0019320,GO:0019318,is_a
GO:0019320,GO:0046365,is_a
GO:0019364,GO:0009166,is_a
GO:0019364,GO:0072526,is_a
GO:0019538,GO:0043170,is_a
GO:0019538,GO:0044238,is_a
GO:0019637,GO:0006793,is_a
GO:0019693,GO:0006796,is_a
GO:0019693,GO:0019637,is_a
GO:0019693,GO:1901135,is_a
GO:0019725,GO:0042592,is_a
GO:0019752,GO:0043436,is_a
GO:0019829,GO:0008324,is_a
GO:0019829,GO:0022853,is_a
GO:0019829,GO:0042626,is_a
GO:0019838,GO:0005515,is_a
GO:0019887,GO:0019207,is_a
GO:0019898,GO:0110165,is_a
GO:0019898,GO:0016020,part_of
GO:0019899,GO:0005515,is_a
GO:0019900,GO:0019899,is_a
GO:0019901,GO:0019900,is_a
GO:0019902,GO:0019899,is_a
GO:0019903,GO:0019902,is_a
GO:0019904,GO:0005515,is_a
GO:0021700,GO:0032502,is_a
GO:0022411,GO:0016043,is_a
GO:0022414,GO:0008150,is_a
GO:0022603,GO:0050793,is_a
GO:0022803,GO:0022857,is_a
GO:0022804,GO:0022857,is_a
GO:0022832,GO:0022836,is_a
GO:0022834,GO:0022836,is_a
GO:0022836,GO:0015267,is_a
GO:0022843,GO:0005244,is_a
GO:0022843,GO:0005261,is_a
GO:0022853,GO:0015075,is_a
GO:0022853,GO:0015399,is_a
GO:0022857,GO:0005215,is_a
GO:0023051,GO:0050789,is_a
GO:0023052,GO:0050789,is_a
GO:0023056,GO:0023051,is_a
GO:0023056,GO:0048518,is_a
GO:0023057,GO:0023051,is_a
GO:0023057,GO:0048519,is_a
GO:0023061,GO:0032940,is_a
GO:0023061,GO:0007267,part_of
GO:0030001,GO:0006812,is_a
GO:0030030,GO:0016043,is_a
GO:0030054,GO:0110165,is_a
GO:0030072,GO:0002790,is_a
GO:0030072,GO:0046879,is_a
GO:0030072,GO:0071705,is_a
GO:0030073,GO:0009306,is_a
GO:0030073,GO:0030072,is_a
GO:0030097,GO:0048468,is_a
GO:0030098,GO:0046649,is_a
GO:0030098,GO:1903131,is_a
GO:0030099,GO:0030154,is_a
GO:0030099,GO:0030097,part_of
GO:0030100,GO:0051128,is_a
GO:0030100,GO:0060627,is_a
GO:0030111,GO:0009966,is_a
GO:0030133,GO:0031410,is_a
GO:0030133,GO:0012505,part_of
GO:0030141,GO:0099503,is_a
GO:0030141,GO:0012505,part_of
GO:0030154,GO:0048869,is_a
GO:0030159,GO:0035591,is_a
GO:0030178,GO:0009968,is_a
GO:0030178,GO:0030111,is_a
GO:0030183,GO:0030098,is_a
GO:0030183,GO:0042113,is_a
GO:0030217,GO:0030098,is_a
GO:0030217,GO:0042110,is_a
GO:0030224,GO:0002573,is_a
GO:0030224,GO:1903131,is_a
GO:0030234,GO:0098772,is_a
GO:0030246,GO:0005488,is_a
GO:0030262,GO:0006921,is_a
GO:0030295,GO:0019209,is_a
GO:0030295,GO:0019887,is_a
GO:0030307,GO:0001558,is_a
GO:0030307,GO:0045927,is_a
GO:0030307,GO:0048522,is_a
GO:0030308,GO:0001558,is_a
GO:0030308,GO:0045926,is_a
GO:0030308,GO:0048523,is_a
GO:0030315,GO:0110165,is_a
GO:0030315,GO:0042383,part_of
GO:0030325,GO:0048732,is_a
GO:0030325,GO:0035270,part_of
GO:0030334,GO:2000145,is_a
GO:0030335,GO:0030334,is_a
GO:0030335,GO:2000147,is_a
GO:0030336,GO:0030334,is_a
GO:0030336,GO:2000146,is_a
GO:0030424,GO:0043005,is_a
GO:0030425,GO:0043005,is_a
GO:0030425,GO:0097447,part_of
GO:0030506,GO:0008092,is_a
GO:0030509,GO:0141091,is_a
GO:0030509,GO:0071773,part_of
GO:0030510,GO:0090092,is_a
GO:0030510,GO:0090287,is_a
GO:0030512,GO:0017015,is_a
GO:0030512,GO:0090101,is_a
GO:0030514,GO:0030510,is_a
GO:0030514,GO:0090101,is_a
GO:0030514,GO:0090288,is_a
GO:0030522,GO:0035556,is_a
GO:0030545,GO:0098772,is_a
GO:0030546,GO:0030545,is_a
GO:0030546,GO:0140677,is_a
GO:0030554,GO:0017076,is_a
GO:0030658,GO:0030659,is_a
GO:0030658,GO:0098588,is_a
GO:0030658,GO:0030133,part_of
GO:0030659,GO:0012506,is_a
GO:0030659,GO:0031410,part_of
GO:0030672,GO:0099501,is_a
GO:0030672,GO:0008021,part_of
GO:0030674,GO:0060090,is_a
GO:0030808,GO:0006140,is_a
GO:0030808,GO:0009889,is_a
GO:0030810,GO:0009891,is_a
GO:0030810,GO:0030808,is_a
GO:0030810,GO:0045981,is_a
GO:0030811,GO:0006140,is_a
GO:0030811,GO:0009894,is_a
GO:0030813,GO:0009896,is_a
GO:0030813,GO:0030811,is_a
GO:0030813,GO:0045981,is_a
GO:0030855,GO:0030154,is_a
GO:0030855,GO:0060429,part_of
GO:0030888,GO:0050670,is_a
GO:0030888,GO:0050864,is_a
GO:0030890,GO:0030888,is_a
GO:0030890,GO:0050671,is_a
GO:0030890,GO:0050871,is_a
GO:0030955,GO:0031420,is_a
GO:0030971,GO:0005102,is_a
GO:0030971,GO:1990782,is_a
GO:0031004,GO:0090533,is_a
GO:0031016,GO:0048513,is_a
GO:0031018,GO:0048856,is_a
GO:0031018,GO:0031016,part_of
GO:0031018,GO:0035270,part_of
GO:0031090,GO:0016020,is_a
GO:0031090,GO:0043227,part_of
GO:0031099,GO:0048856,is_a
GO:0031100,GO:0031099,is_a
GO:0031100,GO:0048513,is_a
GO:0031252,GO:0110165,is_a
GO:0031253,GO:0098590,is_a
GO:0031253,GO:0120025,part_of
GO:0031256,GO:0110165,is_a
GO:0031256,GO:0005886,part_of
GO:0031256,GO:0031252,part_of
GO:0031344,GO:0051128,is_a
GO:0031346,GO:0031344,is_a
GO:0031346,GO:0051130,is_a
GO:0031347,GO:0080134,is_a
GO:0031348,GO:0031347,is_a
GO:0031348,GO:0048585,is_a
GO:0031406,GO:0043168,is_a
GO:0031406,GO:0043177,is_a
GO:0031410,GO:0097708,is_a
GO:0031410,GO:0005737,part_of
GO:0031420,GO:0046872,is_a
GO:0031490,GO:0003677,is_a
GO:0031490,GO:0003682,is_a
GO:0031589,GO:0007155,is_a
GO:0031625,GO:0044389,is_a
GO:0031647,GO:0065008,is_a
GO:0031667,GO:0050896,is_a
GO:0031669,GO:0031667,is_a
GO:0031669,GO:0051716,is_a
GO:0031904,GO:0070013,is_a
GO:0031904,GO:0005768,part_of
GO:0031960,GO:0048545,is_a
GO:0031967,GO:0110165,is_a
GO:0031967,GO:0043227,part_of
GO:0031967,GO:0043229,part_of
GO:0031974,GO:0110165,is_a
GO:0031981,GO:0070013,is_a
GO:0031981,GO:0005634,part_of
GO:0031982,GO:0043227,is_a
GO:0031983,GO:0043233,is_a
GO:0031983,GO:0031982,part_of
GO:0031984,GO:0110165,is_a
GO:0031984,GO:0043227,part_of
GO:0031984,GO:0043229,part_of
GO:0031994,GO:0005520,is_a
GO:0031995,GO:0005520,is_a
GO:0031998,GO:0046320,is_a
GO:0031998,GO:0050994,is_a
GO:0032000,GO:0031998,is_a
GO:0032000,GO:0046321,is_a
GO:0032000,GO:0050996,is_a
GO:0032024,GO:0050714,is_a
GO:0032024,GO:0050796,is_a
GO:0032024,GO:0090277,is_a
GO:0032101,GO:0048583,is_a
GO:0032102,GO:0032101,is_a
GO:0032102,GO:0048585,is_a
GO:0032231,GO:0044087,is_a
GO:0032231,GO:0110053,is_a
GO:0032232,GO:0032231,is_a
GO:0032232,GO:0051494,is_a
GO:0032232,GO:1902904,is_a
GO:0032350,GO:0010817,is_a
GO:0032350,GO:0019222,is_a
GO:0032368,GO:0051049,is_a
GO:0032368,GO:1905952,is_a
GO:0032369,GO:0032368,is_a
GO:0032369,GO:0051051,is_a
GO:0032369,GO:1905953,is_a
GO:0032370,GO:0032368,is_a
GO:0032370,GO:0051050,is_a
GO:0032370,GO:1905954,is_a
GO:0032371,GO:0032368,is_a
GO:0032373,GO:0032370,is_a
GO:0032373,GO:0032371,is_a
GO:0032374,GO:0032371,is_a
GO:0032376,GO:0032373,is_a
GO:0032376,GO:0032374,is_a
GO:0032386,GO:0051049,is_a
GO:0032386,GO:0060341,is_a
GO:0032388,GO:0032386,is_a
GO:0032388,GO:0048522,is_a
GO:0032388,GO:0051050,is_a
GO:0032446,GO:0070647,is_a
GO:0032496,GO:0002237,is_a
GO:0032496,GO:0033993,is_a
GO:0032496,GO:1901700,is_a
GO:0032501,GO:0008150,is_a
GO:0032502,GO:0008150,is_a
GO:0032553,GO:0000166,is_a
GO:0032553,GO:0097367,is_a
GO:0032555,GO:0017076,is_a
GO:0032555,GO:0032553,is_a
GO:0032559,GO:0030554,is_a
GO:0032559,GO:0032555,is_a
GO:0032561,GO:0019001,is_a
GO:0032561,GO:0032555,is_a
GO:0032589,GO:0031253,is_a
GO:0032589,GO:0031256,is_a
GO:0032589,GO:0043005,part_of
GO:0032590,GO:0032589,is_a
GO:0032590,GO:0030425,part_of
GO:0032680,GO:1903555,is_a
GO:0032760,GO:0032680,is_a
GO:0032760,GO:1903557,is_a
GO:0032774,GO:0016070,is_a
GO:0032774,GO:0141187,is_a
GO:0032787,GO:0019752,is_a
GO:0032809,GO:0044298,is_a
GO:0032809,GO:0043025,part_of
GO:0032868,GO:0043434,is_a
GO:0032869,GO:0032868,is_a
GO:0032869,GO:0071375,is_a
GO:0032870,GO:0009725,is_a
GO:0032870,GO:0070887,is_a
GO:0032870,GO:0071495,is_a
GO:0032872,GO:0043408,is_a
GO:0032872,GO:0070302,is_a
GO:0032873,GO:0032872,is_a
GO:0032873,GO:0043409,is_a
GO:0032873,GO:0070303,is_a
GO:0032879,GO:0050789,is_a
GO:0032880,GO:0032879,is_a
GO:0032881,GO:0006109,is_a
GO:0032881,GO:0060255,is_a
GO:0032885,GO:0010556,is_a
GO:0032885,GO:0032881,is_a
GO:0032885,GO:0043255,is_a
GO:0032890,GO:0051049,is_a
GO:0032891,GO:0032890,is_a
GO:0032891,GO:0051051,is_a
GO:0032940,GO:0046903,is_a
GO:0032940,GO:0140352,is_a
GO:0032944,GO:0070663,is_a
GO:0032946,GO:0032944,is_a
GO:0032946,GO:0070665,is_a
GO:0032956,GO:0032970,is_a
GO:0032956,GO:0051493,is_a
GO:0032970,GO:0050794,is_a
GO:0032991,GO:0005575,is_a
GO:0032993,GO:0032991,is_a
GO:0033036,GO:0051179,is_a
GO:0033043,GO:0051128,is_a
GO:0033116,GO:0098588,is_a
GO:0033116,GO:0005793,part_of
GO:0033120,GO:0010628,is_a
GO:0033120,GO:0043484,is_a
GO:0033121,GO:0030811,is_a
GO:0033121,GO:1900542,is_a
GO:0033123,GO:0030813,is_a
GO:0033123,GO:0033121,is_a
GO:0033123,GO:1900544,is_a
GO:0033143,GO:1902531,is_a
GO:0033144,GO:0033143,is_a
GO:0033144,GO:1902532,is_a
GO:0033157,GO:0032386,is_a
GO:0033157,GO:0051223,is_a
GO:0033198,GO:0014074,is_a
GO:0033198,GO:0046683,is_a
GO:0033198,GO:1901700,is_a
GO:0033273,GO:0007584,is_a
GO:0033293,GO:0031406,is_a
GO:0033300,GO:0090482,is_a
GO:0033500,GO:0048878,is_a
GO:0033554,GO:0006950,is_a
GO:0033554,GO:0051716,is_a
GO:0033993,GO:0042221,is_a
GO:0034097,GO:1901652,is_a
GO:0034103,GO:0051239,is_a
GO:0034104,GO:0034103,is_a
GO:0034104,GO:0051241,is_a
GO:0034143,GO:0062207,is_a
GO:0034219,GO:0008643,is_a
GO:0034219,GO:0055085,is_a
GO:0034220,GO:0006811,is_a
GO:0034220,GO:0055085,is_a
GO:0034284,GO:0009743,is_a
GO:0034330,GO:0016043,is_a
GO:0034391,GO:0010660,is_a
GO:0034393,GO:0010661,is_a
GO:0034393,GO:0034391,is_a
GO:0034446,GO:0031589,is_a
GO:0034599,GO:0006979,is_a
GO:0034599,GO:0062197,is_a
GO:0034654,GO:0006139,is_a
GO:0034654,GO:0009058,is_a
GO:0034655,GO:0006139,is_a
GO:0034655,GO:0009056,is_a
GO:0034702,GO:1902495,is_a
GO:0034703,GO:0034702,is_a
GO:0034705,GO:0034703,is_a
GO:0034762,GO:0050794,is_a
GO:0034762,GO:0051049,is_a
GO:0034763,GO:0034762,is_a
GO:0034763,GO:0048523,is_a
GO:0034763,GO:0051051,is_a
GO:0034764,GO:0034762,is_a
GO:0034764,GO:0048522,is_a
GO:0034764,GO:0051050,is_a
GO:0034774,GO:0060205,is_a
GO:0034774,GO:0030141,part_of
GO:0034976,GO:0033554,is_a
GO:0035014,GO:0019207,is_a
GO:0035094,GO:0042221,is_a
GO:0035150,GO:0090066,is_a
GO:0035270,GO:0048731,is_a
GO:0035296,GO:0035150,is_a
GO:0035357,GO:0141193,is_a
GO:0035556,GO:0007165,is_a
GO:0035564,GO:0090066,is_a
GO:0035564,GO:0060993,part_of
GO:0035565,GO:0035564,is_a
GO:0035565,GO:0072114,part_of
GO:0035591,GO:0030674,is_a
GO:0035592,GO:0045184,is_a
GO:0035623,GO:0070293,is_a
GO:0035623,GO:1904659,is_a
GO:0035633,GO:0001894,is_a
GO:0035639,GO:0043168,is_a
GO:0035639,GO:1901265,is_a
GO:0035639,GO:1901363,is_a
GO:0035655,GO:0019221,is_a
GO:0035655,GO:0071351,part_of
GO:0035710,GO:0046631,is_a
GO:0035770,GO:0043232,is_a
GO:0035770,GO:0099080,is_a
GO:0035774,GO:0032024,is_a
GO:0035774,GO:0061178,is_a
GO:0035883,GO:0030855,is_a
GO:0036041,GO:0005504,is_a
GO:0036094,GO:0005488,is_a
GO:0036211,GO:0019538,is_a
GO:0036211,GO:0043412,is_a
GO:0036293,GO:0070482,is_a
GO:0036294,GO:0036293,is_a
GO:0036294,GO:0071453,is_a
GO:0036295,GO:0036296,is_a
GO:0036295,GO:0071453,is_a
GO:0036296,GO:0070482,is_a
GO:0036312,GO:0043548,is_a
GO:0036477,GO:0110165,is_a
GO:0038023,GO:0060089,is_a
GO:0038024,GO:0003674,is_a
GO:0038060,GO:0007263,is_a
GO:0040008,GO:0050789,is_a
GO:0040012,GO:0050789,is_a
GO:0040013,GO:0040012,is_a
GO:0040013,GO:0048519,is_a
GO:0040017,GO:0040012,is_a
GO:0040017,GO:0048518,is_a
GO:0042060,GO:0009611,is_a
GO:0042093,GO:0043367,is_a
GO:0042110,GO:0046649,is_a
GO:0042113,GO:0046649,is_a
GO:0042127,GO:0050794,is_a
GO:0042169,GO:0019904,is_a
GO:0042175,GO:0016020,is_a
GO:0042175,GO:0012505,part_of
GO:0042176,GO:0009894,is_a
GO:0042176,GO:0051246,is_a
GO:0042177,GO:0009895,is_a
GO:0042177,GO:0042176,is_a
GO:0042177,GO:0051248,is_a
GO:0042221,GO:0050896,is_a
GO:0042267,GO:0001909,is_a
GO:0042267,GO:0002228,is_a
GO:0042277,GO:0005488,is_a
GO:0042306,GO:0033157,is_a
GO:0042306,GO:0046822,is_a
GO:0042306,GO:1900180,is_a
GO:0042307,GO:0042306,is_a
GO:0042307,GO:0046824,is_a
GO:0042307,GO:0090316,is_a
GO:0042307,GO:1900182,is_a
GO:0042311,GO:0097746,is_a
GO:0042383,GO:0005886,is_a
GO:0042391,GO:0065008,is_a
GO:0042562,GO:0005488,is_a
GO:0042592,GO:0008150,is_a
GO:0042593,GO:0033500,is_a
GO:0042594,GO:0006950,is_a
GO:0042594,GO:0031667,is_a
GO:0042626,GO:0015399,is_a
GO:0042626,GO:0140657,is_a
GO:0042632,GO:0055092,is_a
GO:0042734,GO:0097060,is_a
GO:0042734,GO:0098793,part_of
GO:0042752,GO:0050789,is_a
GO:0042789,GO:0006366,is_a
GO:0042789,GO:0009299,is_a
GO:0042802,GO:0005515,is_a
GO:0042803,GO:0042802,is_a
GO:0042803,GO:0046983,is_a
GO:0042805,GO:0008092,is_a
GO:0042974,GO:0016922,is_a
GO:0042981,GO:0043067,is_a
GO:0042995,GO:0110165,is_a
GO:0043005,GO:0120025,is_a
GO:0043025,GO:0044297,is_a
GO:0043025,GO:0036477,part_of
GO:0043065,GO:0042981,is_a
GO:0043065,GO:0043068,is_a
GO:0043066,GO:0042981,is_a
GO:0043066,GO:0043069,is_a
GO:0043067,GO:0050794,is_a
GO:0043068,GO:0043067,is_a
GO:0043068,GO:0048522,is_a
GO:0043069,GO:0043067,is_a
GO:0043069,GO:0048523,is_a
GO:0043085,GO:0044093,is_a
GO:0043085,GO:0050790,is_a
GO:0043114,GO:0003018,is_a
GO:0043114,GO:0065008,is_a
GO:0043114,GO:0008015,part_of
GO:0043116,GO:0043114,is_a
GO:0043122,GO:1902531,is_a
GO:0043123,GO:0043122,is_a
GO:0043123,GO:1902533,is_a
GO:0043125,GO:0005102,is_a
GO:0043167,GO:0036094,is_a
GO:0043168,GO:0043167,is_a
GO:0043169,GO:0043167,is_a
GO:0043170,GO:0008152,is_a
GO:0043177,GO:0036094,is_a
GO:0043200,GO:0001101,is_a
GO:0043201,GO:0043200,is_a
GO:0043201,GO:1901698,is_a
GO:0043201,GO:1901700,is_a
GO:0043207,GO:0009605,is_a
GO:0043207,GO:0009607,is_a
GO:0043226,GO:0110165,is_a
GO:0043227,GO:0043226,is_a
GO:0043228,GO:0043226,is_a
GO:0043229,GO:0043226,is_a
GO:0043229,GO:0005622,part_of
GO:0043230,GO:0043226,is_a
GO:0043230,GO:0005576,part_of
GO:0043231,GO:0043227,is_a
GO:0043231,GO:0043229,is_a
GO:0043232,GO:0043228,is_a
GO:0043232,GO:0043229,is_a
GO:0043233,GO:0031974,is_a
GO:0043233,GO:0043226,part_of
GO:0043235,GO:0032991,is_a
GO:0043243,GO:0043244,is_a
GO:0043243,GO:0051130,is_a
GO:0043244,GO:0051128,is_a
GO:0043255,GO:0006109,is_a
GO:0043255,GO:0009889,is_a
GO:0043266,GO:0010959,is_a
GO:0043268,GO:0043266,is_a
GO:0043268,GO:0043270,is_a
GO:0043269,GO:0051049,is_a
GO:0043270,GO:0043269,is_a
GO:0043270,GO:0051050,is_a
GO:0043279,GO:1901698,is_a
GO:0043367,GO:0035710,is_a
GO:0043367,GO:0046632,is_a
GO:0043408,GO:1902531,is_a
GO:0043409,GO:0043408,is_a
GO:0043409,GO:1902532,is_a
GO:0043410,GO:0043408,is_a
GO:0043410,GO:1902533,is_a
GO:0043412,GO:0043170,is_a
GO:0043434,GO:0009725,is_a
GO:0043434,GO:1901698,is_a
GO:0043434,GO:1901700,is_a
GO:0043436,GO:0006082,is_a
GO:0043467,GO:0019222,is_a
GO:0043470,GO:0006109,is_a
GO:0043470,GO:0009894,is_a
GO:0043484,GO:0010468,is_a
GO:0043484,GO:0080090,is_a
GO:0043491,GO:0141124,is_a
GO:0043502,GO:0048583,is_a
GO:0043502,GO:0090257,is_a
GO:0043531,GO:0032559,is_a
GO:0043531,GO:0043168,is_a
GO:0043535,GO:0010594,is_a
GO:0043537,GO:0010596,is_a
GO:0043537,GO:0043535,is_a
GO:0043543,GO:0036211,is_a
GO:0043548,GO:0005515,is_a
GO:0043559,GO:0005515,is_a
GO:0043559,GO:0017046,is_a
GO:0043560,GO:0005515,is_a
GO:0043565,GO:0003677,is_a
GO:0043570,GO:0006259,is_a
GO:0043570,GO:0051276,is_a
GO:0043687,GO:0036211,is_a
GO:0043954,GO:0016043,is_a
GO:0044057,GO:0051239,is_a
GO:0044087,GO:0050794,is_a
GO:0044089,GO:0044087,is_a
GO:0044089,GO:0048522,is_a
GO:0044093,GO:0065009,is_a
GO:0044238,GO:0008152,is_a
GO:0044281,GO:0008152,is_a
GO:0044282,GO:0009056,is_a
GO:0044282,GO:0044281,is_a
GO:0044297,GO:0110165,is_a
GO:0044298,GO:0110165,is_a
GO:0044298,GO:0005886,part_of
GO:0044298,GO:0044297,part_of
GO:0044320,GO:0032870,is_a
GO:0044320,GO:0044321,is_a
GO:0044321,GO:0009725,is_a
GO:0044325,GO:0005515,is_a
GO:0044389,GO:0019899,is_a
GO:0044403,GO:0044419,is_a
GO:0044409,GO:0051701,is_a
GO:0044419,GO:0008150,is_a
GO:0044703,GO:0022414,is_a
GO:0044706,GO:0032501,is_a
GO:0044853,GO:0045121,is_a
GO:0044853,GO:0098590,is_a
GO:0044877,GO:0005488,is_a
GO:0045017,GO:0008610,is_a
GO:0045017,GO:0046486,is_a
GO:0045087,GO:0006955,is_a
GO:0045087,GO:0140546,is_a
GO:0045088,GO:0002831,is_a
GO:0045088,GO:0031347,is_a
GO:0045088,GO:0032101,is_a
GO:0045088,GO:0050776,is_a
GO:0045120,GO:0005634,is_a
GO:0045121,GO:0098857,is_a
GO:0045137,GO:0003006,is_a
GO:0045137,GO:0007275,part_of
GO:0045137,GO:0007548,part_of
GO:0045165,GO:0048869,is_a
GO:0045165,GO:0030154,part_of
GO:0045177,GO:0110165,is_a
GO:0045184,GO:0051234,is_a
GO:0045202,GO:0030054,is_a
GO:0045295,GO:0005515,is_a
GO:0045309,GO:0051219,is_a
GO:0045321,GO:0001775,is_a
GO:0045321,GO:0002376,is_a
GO:0045333,GO:0015980,is_a
GO:0045428,GO:0009889,is_a
GO:0045428,GO:0080164,is_a
GO:0045429,GO:0009891,is_a
GO:0045429,GO:0045428,is_a
GO:0045444,GO:0030154,is_a
GO:0045445,GO:0030154,is_a
GO:0045445,GO:0061061,part_of
GO:0045472,GO:1901700,is_a
GO:0045595,GO:0050793,is_a
GO:0045595,GO:0050794,is_a
GO:0045596,GO:0045595,is_a
GO:0045596,GO:0048523,is_a
GO:0045596,GO:0051093,is_a
GO:0045597,GO:0045595,is_a
GO:0045597,GO:0048522,is_a
GO:0045597,GO:0051094,is_a
GO:0045598,GO:0045595,is_a
GO:0045599,GO:0045596,is_a
GO:0045599,GO:0045598,is_a
GO:0045600,GO:0045597,is_a
GO:0045600,GO:0045598,is_a
GO:0045667,GO:0045595,is_a
GO:0045668,GO:0045596,is_a
GO:0045668,GO:0045667,is_a
GO:0045721,GO:0006111,is_a
GO:0045721,GO:0009890,is_a
GO:0045721,GO:0045912,is_a
GO:0045721,GO:0062014,is_a
GO:0045722,GO:0006111,is_a
GO:0045722,GO:0009891,is_a
GO:0045722,GO:0010907,is_a
GO:0045725,GO:0005979,is_a
GO:0045725,GO:0010557,is_a
GO:0045725,GO:0070875,is_a
GO:0045732,GO:0009896,is_a
GO:0045732,GO:0042176,is_a
GO:0045732,GO:0051247,is_a
GO:0045764,GO:0006521,is_a
GO:0045764,GO:0009893,is_a
GO:0045765,GO:0022603,is_a
GO:0045765,GO:1901342,is_a
GO:0045787,GO:0048522,is_a
GO:0045787,GO:0051726,is_a
GO:0045807,GO:0030100,is_a
GO:0045807,GO:0051050,is_a
GO:0045807,GO:0051130,is_a
GO:0045818,GO:0005981,is_a
GO:0045818,GO:0009895,is_a
GO:0045818,GO:0070874,is_a
GO:0045821,GO:0006110,is_a
GO:0045821,GO:0033123,is_a
GO:0045821,GO:0045913,is_a
GO:0045821,GO:1903580,is_a
GO:0045824,GO:0002832,is_a
GO:0045824,GO:0031348,is_a
GO:0045824,GO:0032102,is_a
GO:0045824,GO:0045088,is_a
GO:0045824,GO:0050777,is_a
GO:0045833,GO:0009892,is_a
GO:0045833,GO:0019216,is_a
GO:0045834,GO:0009893,is_a
GO:0045834,GO:0019216,is_a
GO:0045838,GO:0042391,is_a
GO:0045840,GO:0007088,is_a
GO:0045840,GO:0051785,is_a
GO:0045840,GO:0090068,is_a
GO:0045892,GO:0006355,is_a
GO:0045892,GO:1902679,is_a
GO:0045893,GO:0006355,is_a
GO:0045893,GO:1902680,is_a
GO:0045912,GO:0006109,is_a
GO:0045912,GO:0009892,is_a
GO:0045913,GO:0006109,is_a
GO:0045913,GO:0009893,is_a
GO:0045922,GO:0019217,is_a
GO:0045922,GO:0045833,is_a
GO:0045922,GO:0062014,is_a
GO:0045923,GO:0019217,is_a
GO:0045923,GO:0045834,is_a
GO:0045923,GO:0062013,is_a
GO:0045926,GO:0040008,is_a
GO:0045926,GO:0048519,is_a
GO:0045927,GO:0040008,is_a
GO:0045927,GO:0048518,is_a
GO:0045934,GO:0009892,is_a
GO:0045934,GO:0019219,is_a
GO:0045937,GO:0010562,is_a
GO:0045944,GO:0006357,is_a
GO:0045944,GO:0045893,is_a
GO:0045981,GO:0006140,is_a
GO:0045981,GO:0045937,is_a
GO:0045981,GO:0062013,is_a
GO:0045995,GO:2000026,is_a
GO:0046031,GO:0009150,is_a
GO:0046031,GO:0009179,is_a
GO:0046032,GO:0009154,is_a
GO:0046032,GO:0009181,is_a
GO:0046032,GO:0046031,is_a
GO:0046034,GO:0009150,is_a
GO:0046034,GO:0009205,is_a
GO:0046320,GO:0019217,is_a
GO:0046321,GO:0045923,is_a
GO:0046321,GO:0046320,is_a
GO:0046324,GO:0010827,is_a
GO:0046326,GO:0010828,is_a
GO:0046326,GO:0046324,is_a
GO:0046332,GO:0005515,is_a
GO:0046365,GO:0005996,is_a
GO:0046365,GO:0016052,is_a
GO:0046365,GO:0044282,is_a
GO:0046434,GO:0009056,is_a
GO:0046434,GO:0019637,is_a
GO:0046474,GO:0006650,is_a
GO:0046474,GO:0008654,is_a
GO:0046474,GO:0045017,is_a
GO:0046486,GO:0006629,is_a
GO:0046496,GO:0009117,is_a
GO:0046496,GO:0072524,is_a
GO:0046546,GO:0045137,is_a
GO:0046546,GO:0046661,part_of
GO:0046626,GO:0009966,is_a
GO:0046627,GO:0009968,is_a
GO:0046627,GO:0046626,is_a
GO:0046627,GO:1900077,is_a
GO:0046628,GO:0009967,is_a
GO:0046628,GO:0046626,is_a
GO:0046628,GO:1900078,is_a
GO:0046631,GO:0042110,is_a
GO:0046632,GO:0030217,is_a
GO:0046632,GO:0046631,is_a
GO:0046649,GO:0045321,is_a
GO:0046661,GO:0007548,is_a
GO:0046661,GO:0007275,part_of
GO:0046676,GO:0050709,is_a
GO:0046676,GO:0050796,is_a
GO:0046676,GO:0090278,is_a
GO:0046683,GO:0042221,is_a
GO:0046718,GO:0044409,is_a
GO:0046718,GO:0019058,part_of
GO:0046777,GO:0006468,is_a
GO:0046822,GO:0032386,is_a
GO:0046824,GO:0032388,is_a
GO:0046824,GO:0046822,is_a
GO:0046854,GO:0046474,is_a
GO:0046872,GO:0043169,is_a
GO:0046873,GO:0008324,is_a
GO:0046879,GO:0009914,is_a
GO:0046879,GO:0023061,is_a
GO:0046883,GO:0010646,is_a
GO:0046883,GO:0010817,is_a
GO:0046883,GO:0023051,is_a
GO:0046883,GO:1903530,is_a
GO:0046887,GO:0010647,is_a
GO:0046887,GO:0023056,is_a
GO:0046887,GO:0046883,is_a
GO:0046887,GO:1903532,is_a
GO:0046888,GO:0010648,is_a
GO:0046888,GO:0023057,is_a
GO:0046888,GO:0046883,is_a
GO:0046888,GO:1903531,is_a
GO:0046889,GO:0009891,is_a
GO:0046889,GO:0045834,is_a
GO:0046889,GO:0046890,is_a
GO:0046890,GO:0009889,is_a
GO:0046890,GO:0019216,is_a
GO:0046903,GO:0006810,is_a
GO:0046914,GO:0046872,is_a
GO:0046935,GO:0019207,is_a
GO:0046942,GO:0015711,is_a
GO:0046942,GO:0015849,is_a
GO:0046965,GO:0042974,is_a
GO:0046982,GO:0046983,is_a
GO:0046983,GO:0005515,is_a
GO:0048009,GO:0007169,is_a
GO:0048018,GO:0030546,is_a
GO:0048029,GO:0030246,is_a
GO:0048029,GO:0036094,is_a
GO:0048167,GO:0050804,is_a
GO:0048167,GO:0065008,is_a
GO:0048259,GO:0030100,is_a
GO:0048260,GO:0045807,is_a
GO:0048260,GO:0048259,is_a
GO:0048384,GO:0009755,is_a
GO:0048384,GO:0141193,is_a
GO:0048468,GO:0048856,is_a
GO:0048468,GO:0048869,is_a
GO:0048468,GO:0030154,part_of
GO:0048469,GO:0048869,is_a
GO:0048469,GO:0071695,is_a
GO:0048469,GO:0048468,part_of
GO:0048471,GO:0110165,is_a
GO:0048471,GO:0005737,part_of
GO:0048513,GO:0048856,is_a
GO:0048518,GO:0050789,is_a
GO:0048519,GO:0050789,is_a
GO:0048521,GO:0050795,is_a
GO:0048521,GO:0051241,is_a
GO:0048522,GO:0048518,is_a
GO:0048522,GO:0050794,is_a
GO:0048523,GO:0048519,is_a
GO:0048523,GO:0050794,is_a
GO:0048545,GO:0009725,is_a
GO:0048545,GO:0033993,is_a
GO:0048583,GO:0050789,is_a
GO:0048584,GO:0048518,is_a
GO:0048584,GO:0048583,is_a
GO:0048585,GO:0048519,is_a
GO:0048585,GO:0048583,is_a
GO:0048608,GO:0003006,is_a
GO:0048608,GO:0048856,is_a
GO:0048608,GO:0061458,part_of
GO:0048625,GO:0045165,is_a
GO:0048625,GO:0045445,part_of
GO:0048638,GO:0040008,is_a
GO:0048638,GO:0050793,is_a
GO:0048639,GO:0045927,is_a
GO:0048639,GO:0048638,is_a
GO:0048639,GO:0051094,is_a
GO:0048660,GO:0042127,is_a
GO:0048661,GO:0008284,is_a
GO:0048661,GO:0048660,is_a
GO:0048662,GO:0008285,is_a
GO:0048662,GO:0048660,is_a
GO:0048731,GO:0048856,is_a
GO:0048731,GO:0007275,part_of
GO:0048732,GO:0048513,is_a
GO:0048793,GO:0001822,is_a
GO:0048856,GO:0032502,is_a
GO:0048863,GO:0030154,is_a
GO:0048869,GO:0009987,is_a
GO:0048869,GO:0032502,is_a
GO:0048871,GO:0032501,is_a
GO:0048871,GO:0042592,is_a
GO:0048878,GO:0042592,is_a
GO:0050542,GO:0031406,is_a
GO:0050543,GO:0036041,is_a
GO:0050544,GO:0050542,is_a
GO:0050544,GO:0050543,is_a
GO:0050670,GO:0032944,is_a
GO:0050670,GO:0051249,is_a
GO:0050671,GO:0032946,is_a
GO:0050671,GO:0050670,is_a
GO:0050671,GO:0051251,is_a
GO:0050678,GO:0042127,is_a
GO:0050679,GO:0008284,is_a
GO:0050679,GO:0050678,is_a
GO:0050680,GO:0008285,is_a
GO:0050680,GO:0050678,is_a
GO:0050692,GO:0019904,is_a
GO:0050693,GO:0019904,is_a
GO:0050699,GO:0019904,is_a
GO:0050708,GO:0051223,is_a
GO:0050708,GO:1903530,is_a
GO:0050709,GO:0050708,is_a
GO:0050709,GO:0051224,is_a
GO:0050709,GO:1903531,is_a
GO:0050714,GO:0050708,is_a
GO:0050714,GO:0051222,is_a
GO:0050714,GO:1903532,is_a
GO:0050727,GO:0031347,is_a
GO:0050727,GO:0032101,is_a
GO:0050728,GO:0031348,is_a
GO:0050728,GO:0032102,is_a
GO:0050728,GO:0050727,is_a
GO:0050767,GO:0051960,is_a
GO:0050767,GO:0060284,is_a
GO:0050768,GO:0010721,is_a
GO:0050768,GO:0050767,is_a
GO:0050768,GO:0051961,is_a
GO:0050776,GO:0002682,is_a
GO:0050776,GO:0048583,is_a
GO:0050777,GO:0002683,is_a
GO:0050777,GO:0048585,is_a
GO:0050777,GO:0050776,is_a
GO:0050789,GO:0065007,is_a
GO:0050790,GO:0065009,is_a
GO:0050793,GO:0050789,is_a
GO:0050794,GO:0050789,is_a
GO:0050795,GO:0051239,is_a
GO:0050796,GO:0050708,is_a
GO:0050796,GO:0090276,is_a
GO:0050803,GO:0065008,is_a
GO:0050804,GO:0099177,is_a
GO:0050806,GO:0010647,is_a
GO:0050806,GO:0023056,is_a
GO:0050806,GO:0050804,is_a
GO:0050807,GO:0051128,is_a
GO:0050807,GO:0050803,part_of
GO:0050808,GO:0034330,is_a
GO:0050817,GO:0032501,is_a
GO:0050821,GO:0031647,is_a
GO:0050864,GO:0051249,is_a
GO:0050865,GO:0050794,is_a
GO:0050865,GO:0051239,is_a
GO:0050867,GO:0048522,is_a
GO:0050867,GO:0050865,is_a
GO:0050867,GO:0051240,is_a
GO:0050871,GO:0050864,is_a
GO:0050871,GO:0051251,is_a
GO:0050872,GO:0045444,is_a
GO:0050873,GO:0045444,is_a
GO:0050877,GO:0003008,is_a
GO:0050878,GO:0065008,is_a
GO:0050890,GO:0050877,is_a
GO:0050896,GO:0008150,is_a
GO:0050994,GO:0009894,is_a
GO:0050994,GO:0019216,is_a
GO:0050995,GO:0009895,is_a
GO:0050995,GO:0045833,is_a
GO:0050995,GO:0050994,is_a
GO:0050996,GO:0009896,is_a
GO:0050996,GO:0045834,is_a
GO:0050996,GO:0050994,is_a
GO:0050999,GO:0051341,is_a
GO:0051000,GO:0050999,is_a
GO:0051000,GO:0051353,is_a
GO:0051046,GO:0051049,is_a
GO:0051047,GO:0051046,is_a
GO:0051047,GO:0051050,is_a
GO:0051048,GO:0051046,is_a
GO:0051048,GO:0051051,is_a
GO:0051049,GO:0032879,is_a
GO:0051050,GO:0048518,is_a
GO:0051050,GO:0051049,is_a
GO:0051051,GO:0048519,is_a
GO:0051051,GO:0051049,is_a
GO:0051093,GO:0048519,is_a
GO:0051093,GO:0050793,is_a
GO:0051094,GO:0048518,is_a
GO:0051094,GO:0050793,is_a
GO:0051119,GO:0015144,is_a
GO:0051128,GO:0050794,is_a
GO:0051129,GO:0048523,is_a
GO:0051129,GO:0051128,is_a
GO:0051130,GO:0048522,is_a
GO:0051130,GO:0051128,is_a
GO:0051156,GO:0006796,is_a
GO:0051156,GO:0019637,is_a
GO:0051156,GO:1901135,is_a
GO:0051174,GO:0019222,is_a
GO:0051179,GO:0008150,is_a
GO:0051180,GO:0006810,is_a
GO:0051219,GO:0005515,is_a
GO:0051222,GO:0051050,is_a
GO:0051222,GO:0051223,is_a
GO:0051222,GO:1903829,is_a
GO:0051222,GO:1904951,is_a
GO:0051223,GO:0051049,is_a
GO:0051223,GO:0070201,is_a
GO:0051224,GO:0051051,is_a
GO:0051224,GO:0051223,is_a
GO:0051224,GO:1903828,is_a
GO:0051224,GO:1904950,is_a
GO:0051234,GO:0051179,is_a
GO:0051239,GO:0050789,is_a
GO:0051240,GO:0048518,is_a
GO:0051240,GO:0051239,is_a
GO:0051241,GO:0048519,is_a
GO:0051241,GO:0051239,is_a
GO:0051246,GO:0060255,is_a
GO:0051246,GO:0080090,is_a
GO:0051247,GO:0010604,is_a
GO:0051247,GO:0051246,is_a
GO:0051248,GO:0010605,is_a
GO:0051248,GO:0051246,is_a
GO:0051249,GO:0002694,is_a
GO:0051251,GO:0002696,is_a
GO:0051251,GO:0051249,is_a
GO:0051252,GO:0019219,is_a
GO:0051252,GO:0060255,is_a
GO:0051253,GO:0010605,is_a
GO:0051253,GO:0045934,is_a
GO:0051253,GO:0051252,is_a
GO:0051254,GO:0010604,is_a
GO:0051254,GO:0051252,is_a
GO:0051276,GO:0006996,is_a
GO:0051341,GO:0050790,is_a
GO:0051353,GO:0043085,is_a
GO:0051353,GO:0051341,is_a
GO:0051384,GO:0031960,is_a
GO:0051393,GO:0042805,is_a
GO:0051425,GO:0019904,is_a
GO:0051445,GO:0051726,is_a
GO:0051445,GO:2000241,is_a
GO:0051446,GO:0045787,is_a
GO:0051446,GO:0051445,is_a
GO:0051446,GO:2000243,is_a
GO:0051489,GO:0120032,is_a
GO:0051491,GO:0051489,is_a
GO:0051491,GO:0120034,is_a
GO:0051492,GO:0032231,is_a
GO:0051492,GO:0110020,is_a
GO:0051493,GO:0033043,is_a
GO:0051494,GO:0010639,is_a
GO:0051494,GO:0051493,is_a
GO:0051497,GO:0032232,is_a
GO:0051497,GO:0051492,is_a
GO:0051701,GO:0044403,is_a
GO:0051707,GO:0043207,is_a
GO:0051707,GO:0044419,is_a
GO:0051716,GO:0009987,is_a
GO:0051716,GO:0050896,is_a
GO:0051721,GO:0019903,is_a
GO:0051726,GO:0050794,is_a
GO:0051783,GO:0033043,is_a
GO:0051785,GO:0010638,is_a
GO:0051785,GO:0051783,is_a
GO:0051881,GO:0042391,is_a
GO:0051896,GO:1902531,is_a
GO:0051897,GO:0051896,is_a
GO:0051897,GO:1902533,is_a
GO:0051960,GO:2000026,is_a
GO:0051961,GO:0051093,is_a
GO:0051961,GO:0051241,is_a
GO:0051961,GO:0051960,is_a
GO:0052742,GO:0001727,is_a
GO:0052742,GO:0016773,is_a
GO:0055056,GO:0015149,is_a
GO:0055082,GO:0019725,is_a
GO:0055082,GO:0048878,is_a
GO:0055085,GO:0006810,is_a
GO:0055085,GO:0009987,is_a
GO:0055086,GO:0006139,is_a
GO:0055086,GO:0044281,is_a
GO:0055088,GO:0048878,is_a
GO:0055089,GO:0055088,is_a
GO:0055090,GO:0055088,is_a
GO:0055091,GO:0055088,is_a
GO:0055092,GO:0055088,is_a
GO:0055093,GO:0006950,is_a
GO:0055093,GO:0036296,is_a
GO:0055094,GO:0009719,is_a
GO:0055094,GO:0042221,is_a
GO:0060070,GO:0016055,is_a
GO:0060089,GO:0003674,is_a
GO:0060090,GO:0003674,is_a
GO:0060147,GO:0010468,is_a
GO:0060149,GO:0010628,is_a
GO:0060149,GO:0048519,is_a
GO:0060149,GO:0060147,is_a
GO:0060205,GO:0031983,is_a
GO:0060205,GO:0070013,is_a
GO:0060205,GO:0031410,part_of
GO:0060249,GO:0048871,is_a
GO:0060251,GO:0042127,is_a
GO:0060253,GO:0008285,is_a
GO:0060253,GO:0014014,is_a
GO:0060253,GO:0060251,is_a
GO:0060255,GO:0019222,is_a
GO:0060259,GO:0050795,is_a
GO:0060260,GO:0006357,is_a
GO:0060260,GO:2000142,is_a
GO:0060261,GO:0045944,is_a
GO:0060261,GO:0060260,is_a
GO:0060261,GO:2000144,is_a
GO:0060263,GO:0019222,is_a
GO:0060264,GO:0002697,is_a
GO:0060264,GO:0045088,is_a
GO:0060264,GO:0050727,is_a
GO:0060264,GO:0051239,is_a
GO:0060264,GO:0060263,is_a
GO:0060266,GO:0002698,is_a
GO:0060266,GO:0045824,is_a
GO:0060266,GO:0050728,is_a
GO:0060266,GO:0051241,is_a
GO:0060266,GO:0060264,is_a
GO:0060266,GO:0060268,is_a
GO:0060266,GO:0060284,is_a
GO:0060267,GO:0009893,is_a
GO:0060267,GO:0060263,is_a
GO:0060268,GO:0009892,is_a
GO:0060268,GO:0060263,is_a
GO:0060284,GO:0045595,is_a
GO:0060290,GO:0030154,is_a
GO:0060330,GO:0045088,is_a
GO:0060330,GO:0060759,is_a
GO:0060331,GO:0045824,is_a
GO:0060331,GO:0060330,is_a
GO:0060331,GO:0060761,is_a
GO:0060334,GO:0001959,is_a
GO:0060334,GO:0060330,is_a
GO:0060336,GO:0001960,is_a
GO:0060336,GO:0060331,is_a
GO:0060336,GO:0060334,is_a
GO:0060341,GO:0032879,is_a
GO:0060341,GO:0050794,is_a
GO:0060390,GO:1902531,is_a
GO:0060392,GO:0060390,is_a
GO:0060392,GO:0090101,is_a
GO:0060392,GO:1902532,is_a
GO:0060396,GO:0007169,is_a
GO:0060396,GO:0071378,part_of
GO:0060398,GO:0009966,is_a
GO:0060416,GO:0043434,is_a
GO:0060429,GO:0009888,is_a
GO:0060491,GO:0031344,is_a
GO:0060491,GO:0044087,is_a
GO:0060627,GO:0050794,is_a
GO:0060627,GO:0051049,is_a
GO:0060759,GO:0048583,is_a
GO:0060761,GO:0048585,is_a
GO:0060761,GO:0060759,is_a
GO:0060765,GO:0033143,is_a
GO:0060766,GO:0033144,is_a
GO:0060766,GO:0060765,is_a
GO:0060828,GO:0030111,is_a
GO:0060964,GO:1900368,is_a
GO:0060965,GO:0060964,is_a
GO:0060965,GO:1900369,is_a
GO:0060966,GO:0010468,is_a
GO:0060967,GO:0010628,is_a
GO:0060967,GO:0048519,is_a
GO:0060967,GO:0060966,is_a
GO:0060993,GO:0009887,is_a
GO:0060993,GO:0001822,part_of
GO:0061008,GO:0048731,is_a
GO:0061061,GO:0048856,is_a
GO:0061178,GO:0050796,is_a
GO:0061178,GO:0060341,is_a
GO:0061458,GO:0048731,is_a
GO:0061470,GO:0042093,is_a
GO:0061615,GO:0006096,is_a
GO:0061620,GO:0061615,is_a
GO:0061621,GO:0061620,is_a
GO:0061621,GO:0061718,is_a
GO:0061629,GO:0140297,is_a
GO:0061695,GO:1990234,is_a
GO:0061718,GO:0006007,is_a
GO:0061718,GO:0006090,is_a
GO:0061853,GO:0030334,is_a
GO:0061855,GO:0030336,is_a
GO:0061855,GO:0061853,is_a
GO:0062012,GO:0019222,is_a
GO:0062013,GO:0009893,is_a
GO:0062013,GO:0062012,is_a
GO:0062014,GO:0009892,is_a
GO:0062014,GO:0062012,is_a
GO:0062197,GO:0033554,is_a
GO:0062197,GO:0070887,is_a
GO:0062207,GO:0009966,is_a
GO:0062207,GO:0045088,is_a
GO:0065007,GO:0008150,is_a
GO:0065008,GO:0065007,is_a
GO:0065009,GO:0065007,is_a
GO:0065010,GO:0043227,is_a
GO:0065010,GO:0043230,is_a
GO:0070013,GO:0043233,is_a
GO:0070013,GO:0043229,part_of
GO:0070016,GO:0019904,is_a
GO:0070062,GO:1903561,is_a
GO:0070161,GO:0030054,is_a
GO:0070163,GO:0046883,is_a
GO:0070163,GO:0050708,is_a
GO:0070165,GO:0046887,is_a
GO:0070165,GO:0050714,is_a
GO:0070165,GO:0051240,is_a
GO:0070165,GO:0070163,is_a
GO:0070201,GO:0032880,is_a
GO:0070228,GO:2000106,is_a
GO:0070229,GO:0070228,is_a
GO:0070229,GO:2000107,is_a
GO:0070293,GO:0003014,is_a
GO:0070302,GO:0080135,is_a
GO:0070302,GO:1902531,is_a
GO:0070303,GO:0070302,is_a
GO:0070303,GO:1902532,is_a
GO:0070328,GO:0055090,is_a
GO:0070369,GO:0071664,is_a
GO:0070369,GO:1990907,is_a
GO:0070382,GO:0030133,is_a
GO:0070382,GO:0099503,is_a
GO:0070412,GO:0046332,is_a
GO:0070417,GO:0009409,is_a
GO:0070417,GO:0033554,is_a
GO:0070482,GO:0009628,is_a
GO:0070509,GO:0006816,is_a
GO:0070542,GO:0033993,is_a
GO:0070542,GO:1901700,is_a
GO:0070647,GO:0043687,is_a
GO:0070663,GO:0042127,is_a
GO:0070665,GO:0008284,is_a
GO:0070665,GO:0070663,is_a
GO:0070673,GO:0034097,is_a
GO:0070837,GO:0015711,is_a
GO:0070837,GO:0051180,is_a
GO:0070848,GO:0009719,is_a
GO:0070873,GO:0032881,is_a
GO:0070873,GO:0043467,is_a
GO:0070874,GO:0010605,is_a
GO:0070874,GO:0045912,is_a
GO:0070874,GO:0070873,is_a
GO:0070875,GO:0010604,is_a
GO:0070875,GO:0010907,is_a
GO:0070875,GO:0070873,is_a
GO:0070887,GO:0042221,is_a
GO:0070887,GO:0051716,is_a
GO:0070888,GO:0000978,is_a
GO:0070920,GO:0060966,is_a
GO:0070920,GO:0080090,is_a
GO:0071229,GO:0001101,is_a
GO:0071229,GO:0070887,is_a
GO:0071230,GO:0043200,is_a
GO:0071230,GO:0071229,is_a
GO:0071233,GO:0043201,is_a
GO:0071233,GO:0071230,is_a
GO:0071233,GO:1901699,is_a
GO:0071233,GO:1901701,is_a
GO:0071322,GO:0009743,is_a
GO:0071322,GO:1901701,is_a
GO:0071326,GO:0034284,is_a
GO:0071326,GO:0071322,is_a
GO:0071331,GO:0009746,is_a
GO:0071331,GO:0071326,is_a
GO:0071333,GO:0001678,is_a
GO:0071333,GO:0009749,is_a
GO:0071333,GO:0071331,is_a
GO:0071345,GO:0034097,is_a
GO:0071351,GO:0070673,is_a
GO:0071351,GO:0071345,is_a
GO:0071362,GO:0045472,is_a
GO:0071362,GO:1901701,is_a
GO:0071363,GO:0070848,is_a
GO:0071363,GO:0071495,is_a
GO:0071375,GO:0032870,is_a
GO:0071375,GO:0043434,is_a
GO:0071375,GO:1901699,is_a
GO:0071375,GO:1901701,is_a
GO:0071378,GO:0060416,is_a
GO:0071378,GO:0071375,is_a
GO:0071396,GO:0033993,is_a
GO:0071396,GO:0070887,is_a
GO:0071398,GO:0070542,is_a
GO:0071398,GO:0071396,is_a
GO:0071398,GO:1901701,is_a
GO:0071402,GO:0051716,is_a
GO:0071404,GO:0055094,is_a
GO:0071404,GO:0071402,is_a
GO:0071453,GO:0070482,is_a
GO:0071453,GO:0070887,is_a
GO:0071455,GO:0036295,is_a
GO:0071455,GO:0055093,is_a
GO:0071455,GO:0062197,is_a
GO:0071456,GO:0001666,is_a
GO:0071456,GO:0033554,is_a
GO:0071456,GO:0036294,is_a
GO:0071466,GO:0009410,is_a
GO:0071466,GO:0070887,is_a
GO:0071495,GO:0009719,is_a
GO:0071664,GO:0140513,is_a
GO:0071692,GO:0033036,is_a
GO:0071695,GO:0021700,is_a
GO:0071695,GO:0048856,part_of
GO:0071705,GO:0006810,is_a
GO:0071731,GO:1901698,is_a
GO:0071731,GO:1901700,is_a
GO:0071732,GO:0071731,is_a
GO:0071732,GO:1901701,is_a
GO:0071732,GO:1902170,is_a
GO:0071772,GO:0070848,is_a
GO:0071773,GO:0071363,is_a
GO:0071773,GO:0071772,is_a
GO:0071805,GO:0006813,is_a
GO:0071805,GO:0098655,is_a
GO:0071840,GO:0009987,is_a
GO:0071889,GO:0005515,is_a
GO:0071944,GO:0110165,is_a
GO:0072001,GO:0048731,is_a
GO:0072114,GO:0060993,is_a
GO:0072114,GO:0048793,part_of
GO:0072359,GO:0048731,is_a
GO:0072521,GO:0008152,is_a
GO:0072523,GO:0009056,is_a
GO:0072523,GO:0072521,is_a
GO:0072524,GO:0008152,is_a
GO:0072526,GO:0009056,is_a
GO:0072526,GO:0072524,is_a
GO:0072752,GO:0071362,is_a
GO:0072752,GO:0097306,is_a
GO:0072752,GO:1901355,is_a
GO:0072752,GO:1901655,is_a
GO:0072752,GO:1901699,is_a
GO:0080090,GO:0019222,is_a
GO:0080134,GO:0048583,is_a
GO:0080135,GO:0050794,is_a
GO:0080135,GO:0080134,is_a
GO:0080164,GO:0019222,is_a
GO:0090066,GO:0065008,is_a
GO:0090068,GO:0010564,is_a
GO:0090068,GO:0045787,is_a
GO:0090087,GO:0051049,is_a
GO:0090090,GO:0030178,is_a
GO:0090090,GO:0060828,is_a
GO:0090092,GO:0009966,is_a
GO:0090101,GO:0009968,is_a
GO:0090101,GO:0090092,is_a
GO:0090140,GO:0010821,is_a
GO:0090140,GO:0022603,is_a
GO:0090257,GO:0044057,is_a
GO:0090258,GO:0010639,is_a
GO:0090258,GO:0051093,is_a
GO:0090258,GO:0090140,is_a
GO:0090276,GO:0002791,is_a
GO:0090276,GO:0046883,is_a
GO:0090277,GO:0002793,is_a
GO:0090277,GO:0046887,is_a
GO:0090277,GO:0090276,is_a
GO:0090278,GO:0002792,is_a
GO:0090278,GO:0046888,is_a
GO:0090278,GO:0090276,is_a
GO:0090287,GO:0048583,is_a
GO:0090288,GO:0048585,is_a
GO:0090288,GO:0090287,is_a
GO:0090304,GO:0006139,is_a
GO:0090304,GO:0043170,is_a
GO:0090316,GO:0032388,is_a
GO:0090316,GO:0033157,is_a
GO:0090316,GO:0051222,is_a
GO:0090335,GO:0045598,is_a
GO:0090336,GO:0045600,is_a
GO:0090336,GO:0090335,is_a
GO:0090407,GO:0009058,is_a
GO:0090407,GO:0019637,is_a
GO:0090482,GO:0022857,is_a
GO:0090533,GO:0098533,is_a
GO:0090575,GO:0005667,is_a
GO:0090575,GO:0140513,is_a
GO:0097009,GO:0048871,is_a
GO:0097038,GO:0110165,is_a
GO:0097038,GO:0005783,part_of
GO:0097038,GO:0048471,part_of
GO:0097060,GO:0098590,is_a
GO:0097060,GO:0045202,part_of
GO:0097061,GO:0099173,is_a
GO:0097061,GO:0106027,is_a
GO:0097062,GO:0043954,is_a
GO:0097062,GO:0097061,is_a
GO:0097194,GO:0009987,is_a
GO:0097194,GO:0006915,part_of
GO:0097242,GO:0032501,is_a
GO:0097305,GO:1901700,is_a
GO:0097306,GO:0097305,is_a
GO:0097306,GO:1901701,is_a
GO:0097367,GO:0005488,is_a
GO:0097447,GO:0043005,is_a
GO:0097447,GO:0036477,part_of
GO:0097651,GO:0005942,is_a
GO:0097677,GO:0061629,is_a
GO:0097708,GO:0031982,is_a
GO:0097708,GO:0043231,is_a
GO:0097730,GO:0005929,is_a
GO:0097731,GO:0097730,is_a
GO:0097733,GO:0043005,is_a
GO:0097733,GO:0097731,is_a
GO:0097746,GO:0003018,is_a
GO:0097746,GO:0035296,is_a
GO:0097746,GO:0008015,part_of
GO:0098531,GO:0003700,is_a
GO:0098533,GO:1902495,is_a
GO:0098542,GO:0006952,is_a
GO:0098542,GO:0051707,is_a
GO:0098552,GO:0110165,is_a
GO:0098552,GO:0016020,part_of
GO:0098588,GO:0031090,is_a
GO:0098590,GO:0016020,is_a
GO:0098590,GO:0005886,part_of
GO:0098655,GO:0006812,is_a
GO:0098655,GO:0034220,is_a
GO:0098657,GO:0006810,is_a
GO:0098659,GO:0099587,is_a
GO:0098704,GO:0034219,is_a
GO:0098704,GO:0098739,is_a
GO:0098708,GO:0140271,is_a
GO:0098708,GO:1904659,is_a
GO:0098739,GO:0055085,is_a
GO:0098739,GO:0098657,is_a
GO:0098772,GO:0003674,is_a
GO:0098793,GO:0110165,is_a
GO:0098793,GO:0045202,part_of
GO:0098796,GO:0032991,is_a
GO:0098796,GO:0016020,part_of
GO:0098797,GO:0098796,is_a
GO:0098797,GO:0005886,part_of
GO:0098802,GO:0043235,is_a
GO:0098802,GO:0098797,is_a
GO:0098827,GO:0031984,is_a
GO:0098827,GO:0005783,part_of
GO:0098857,GO:0016020,is_a
GO:0098862,GO:0110165,is_a
GO:0099080,GO:0110165,is_a
GO:0099094,GO:0005261,is_a
GO:0099094,GO:0015276,is_a
GO:0099173,GO:0016043,is_a
GO:0099173,GO:0050808,part_of
GO:0099175,GO:0050807,is_a
GO:0099177,GO:0010646,is_a
GO:0099177,GO:0023051,is_a
GO:0099501,GO:0030658,is_a
GO:0099501,GO:0070382,part_of
GO:0099503,GO:0031410,is_a
GO:0099505,GO:0042391,is_a
GO:0099508,GO:0005244,is_a
GO:0099587,GO:0098739,is_a
GO:0106027,GO:0120036,is_a
GO:0110020,GO:0032956,is_a
GO:0110053,GO:0032956,is_a
GO:0110053,GO:1902903,is_a
GO:0110165,GO:0005575,is_a
GO:0120025,GO:0042995,is_a
GO:0120032,GO:0060491,is_a
GO:0120032,GO:0120035,is_a
GO:0120034,GO:0031346,is_a
GO:0120034,GO:0044089,is_a
GO:0120034,GO:0120032,is_a
GO:0120035,GO:0031344,is_a
GO:0120036,GO:0030030,is_a
GO:0120182,GO:0150116,is_a
GO:0120183,GO:0120182,is_a
GO:0120183,GO:0150117,is_a
GO:0140075,GO:0051223,is_a
GO:0140077,GO:0051222,is_a
GO:0140077,GO:0140075,is_a
GO:0140096,GO:0003824,is_a
GO:0140110,GO:0003674,is_a
GO:0140168,GO:0016604,is_a
GO:0140168,GO:0035770,is_a
GO:0140212,GO:2000191,is_a
GO:0140213,GO:0140212,is_a
GO:0140213,GO:2000192,is_a
GO:0140271,GO:0008645,is_a
GO:0140271,GO:0098704,is_a
GO:0140297,GO:0008134,is_a
GO:0140299,GO:0098772,is_a
GO:0140352,GO:0006810,is_a
GO:0140352,GO:0009987,is_a
GO:0140359,GO:0042626,is_a
GO:0140513,GO:0032991,is_a
GO:0140513,GO:0005634,part_of
GO:0140546,GO:0098542,is_a
GO:0140657,GO:0003674,is_a
GO:0140677,GO:0098772,is_a
GO:0140767,GO:0030674,is_a
GO:0141038,GO:0035014,is_a
GO:0141089,GO:0140299,is_a
GO:0141091,GO:0007178,is_a
GO:0141124,GO:0035556,is_a
GO:0141187,GO:0009059,is_a
GO:0141187,GO:0034654,is_a
GO:0141187,GO:0090304,is_a
GO:0141193,GO:0030522,is_a
GO:0150104,GO:0010232,is_a
GO:0150116,GO:0051128,is_a
GO:0150117,GO:0051130,is_a
GO:0150117,GO:0150116,is_a
GO:0160274,GO:0045444,is_a
GO:1900076,GO:0048583,is_a
GO:1900076,GO:0050794,is_a
GO:1900077,GO:0048523,is_a
GO:1900077,GO:0048585,is_a
GO:1900077,GO:1900076,is_a
GO:1900078,GO:0048522,is_a
GO:1900078,GO:0048584,is_a
GO:1900078,GO:1900076,is_a
GO:1900101,GO:1902531,is_a
GO:1900101,GO:1905897,is_a
GO:1900103,GO:1900101,is_a
GO:1900103,GO:1902533,is_a
GO:1900103,GO:1905898,is_a
GO:1900180,GO:0032880,is_a
GO:1900182,GO:1900180,is_a
GO:1900182,GO:1903829,is_a
GO:1900271,GO:0048167,is_a
GO:1900273,GO:0050806,is_a
GO:1900273,GO:1900271,is_a
GO:1900368,GO:0060147,is_a
GO:1900368,GO:0060966,is_a
GO:1900369,GO:0060149,is_a
GO:1900369,GO:0060967,is_a
GO:1900369,GO:1900368,is_a
GO:1900371,GO:0030808,is_a
GO:1900371,GO:1900542,is_a
GO:1900373,GO:0030810,is_a
GO:1900373,GO:1900371,is_a
GO:1900373,GO:1900544,is_a
GO:1900542,GO:0006140,is_a
GO:1900544,GO:0045981,is_a
GO:1900544,GO:1900542,is_a
GO:1900719,GO:1901080,is_a
GO:1900721,GO:1900719,is_a
GO:1900721,GO:1901082,is_a
GO:1901077,GO:0090257,is_a
GO:1901079,GO:0051240,is_a
GO:1901079,GO:1901077,is_a
GO:1901080,GO:1901077,is_a
GO:1901082,GO:1901079,is_a
GO:1901082,GO:1901080,is_a
GO:1901135,GO:0008152,is_a
GO:1901136,GO:0009056,is_a
GO:1901136,GO:1901135,is_a
GO:1901201,GO:0044087,is_a
GO:1901201,GO:1903053,is_a
GO:1901202,GO:1901201,is_a
GO:1901202,GO:1903054,is_a
GO:1901265,GO:0005488,is_a
GO:1901292,GO:0006753,is_a
GO:1901292,GO:0034655,is_a
GO:1901292,GO:0046434,is_a
GO:1901342,GO:2000026,is_a
GO:1901343,GO:0051093,is_a
GO:1901343,GO:0051241,is_a
GO:1901343,GO:1901342,is_a
GO:1901355,GO:0045472,is_a
GO:1901355,GO:0097305,is_a
GO:1901355,GO:1901654,is_a
GO:1901355,GO:1901698,is_a
GO:1901363,GO:0036094,is_a
GO:1901652,GO:0042221,is_a
GO:1901654,GO:1901700,is_a
GO:1901655,GO:1901654,is_a
GO:1901655,GO:1901701,is_a
GO:1901698,GO:0042221,is_a
GO:1901699,GO:0070887,is_a
GO:1901699,GO:1901698,is_a
GO:1901700,GO:0042221,is_a
GO:1901701,GO:0070887,is_a
GO:1901701,GO:1901700,is_a
GO:1902031,GO:1900542,is_a
GO:1902170,GO:1901699,is_a
GO:1902175,GO:2001242,is_a
GO:1902176,GO:1902175,is_a
GO:1902176,GO:2001243,is_a
GO:1902494,GO:0032991,is_a
GO:1902495,GO:0098796,is_a
GO:1902495,GO:1990351,is_a
GO:1902531,GO:0009966,is_a
GO:1902532,GO:0009968,is_a
GO:1902532,GO:1902531,is_a
GO:1902533,GO:0009967,is_a
GO:1902533,GO:1902531,is_a
GO:1902679,GO:0010558,is_a
GO:1902679,GO:0051253,is_a
GO:1902679,GO:2001141,is_a
GO:1902680,GO:0010557,is_a
GO:1902680,GO:0051254,is_a
GO:1902680,GO:2001141,is_a
GO:1902730,GO:0010560,is_a
GO:1902743,GO:0120035,is_a
GO:1902745,GO:0031346,is_a
GO:1902745,GO:1902743,is_a
GO:1902893,GO:0006355,is_a
GO:1902893,GO:2000628,is_a
GO:1902894,GO:0045892,is_a
GO:1902894,GO:1902893,is_a
GO:1902894,GO:2000629,is_a
GO:1902895,GO:0045893,is_a
GO:1902895,GO:1902893,is_a
GO:1902895,GO:2000630,is_a
GO:1902903,GO:0051128,is_a
GO:1902904,GO:0051129,is_a
GO:1902904,GO:1902903,is_a
GO:1902911,GO:0061695,is_a
GO:1902950,GO:0099175,is_a
GO:1902950,GO:0120035,is_a
GO:1902952,GO:0031346,is_a
GO:1902952,GO:1902950,is_a
GO:1903018,GO:0051246,is_a
GO:1903020,GO:0051247,is_a
GO:1903020,GO:1903018,is_a
GO:1903053,GO:0051128,is_a
GO:1903054,GO:0051129,is_a
GO:1903054,GO:1903053,is_a
GO:1903076,GO:1904375,is_a
GO:1903076,GO:1905475,is_a
GO:1903078,GO:1903076,is_a
GO:1903078,GO:1904377,is_a
GO:1903078,GO:1905477,is_a
GO:1903131,GO:0002521,is_a
GO:1903242,GO:0010611,is_a
GO:1903242,GO:0010612,is_a
GO:1903242,GO:0080134,is_a
GO:1903243,GO:0010614,is_a
GO:1903243,GO:0010616,is_a
GO:1903243,GO:1903242,is_a
GO:1903266,GO:0006521,is_a
GO:1903266,GO:0009894,is_a
GO:1903266,GO:0062012,is_a
GO:1903268,GO:0009896,is_a
GO:1903268,GO:0045764,is_a
GO:1903268,GO:0062013,is_a
GO:1903268,GO:1903266,is_a
GO:1903426,GO:0009889,is_a
GO:1903426,GO:2000377,is_a
GO:1903427,GO:0009890,is_a
GO:1903427,GO:1903426,is_a
GO:1903427,GO:2000378,is_a
GO:1903530,GO:0050794,is_a
GO:1903530,GO:0051046,is_a
GO:1903531,GO:0048523,is_a
GO:1903531,GO:0051048,is_a
GO:1903531,GO:1903530,is_a
GO:1903532,GO:0048522,is_a
GO:1903532,GO:0051047,is_a
GO:1903532,GO:1903530,is_a
GO:1903555,GO:0001817,is_a
GO:1903557,GO:0001819,is_a
GO:1903557,GO:1903555,is_a
GO:1903561,GO:0031982,is_a
GO:1903561,GO:0065010,is_a
GO:1903578,GO:1900542,is_a
GO:1903580,GO:1900544,is_a
GO:1903580,GO:1903578,is_a
GO:1903798,GO:0070920,is_a
GO:1903799,GO:0010629,is_a
GO:1903799,GO:0060965,is_a
GO:1903799,GO:1903798,is_a
GO:1903828,GO:0032880,is_a
GO:1903828,GO:0048519,is_a
GO:1903829,GO:0032880,is_a
GO:1903829,GO:0048518,is_a
GO:1903844,GO:0090287,is_a
GO:1903845,GO:0090288,is_a
GO:1903845,GO:1903844,is_a
GO:1904035,GO:0042981,is_a
GO:1904036,GO:0043066,is_a
GO:1904036,GO:1904035,is_a
GO:1904098,GO:0010559,is_a
GO:1904100,GO:0010560,is_a
GO:1904100,GO:1904098,is_a
GO:1904101,GO:1901698,is_a
GO:1904101,GO:1901700,is_a
GO:1904102,GO:1901699,is_a
GO:1904102,GO:1901701,is_a
GO:1904102,GO:1904101,is_a
GO:1904177,GO:0050793,is_a
GO:1904179,GO:0051094,is_a
GO:1904179,GO:0051240,is_a
GO:1904179,GO:1904177,is_a
GO:1904375,GO:0032880,is_a
GO:1904377,GO:1903829,is_a
GO:1904377,GO:1904375,is_a
GO:1904597,GO:1905204,is_a
GO:1904659,GO:0008645,is_a
GO:1904705,GO:0048660,is_a
GO:1904706,GO:0048662,is_a
GO:1904706,GO:1904705,is_a
GO:1904892,GO:0009966,is_a
GO:1904893,GO:0009968,is_a
GO:1904893,GO:1904892,is_a
GO:1904950,GO:0048519,is_a
GO:1904950,GO:0070201,is_a
GO:1904951,GO:0048518,is_a
GO:1904951,GO:0070201,is_a
GO:1905073,GO:0051128,is_a
GO:1905075,GO:0051130,is_a
GO:1905075,GO:1905073,is_a
GO:1905203,GO:0034103,is_a
GO:1905204,GO:0034104,is_a
GO:1905204,GO:1905203,is_a
GO:1905459,GO:0034391,is_a
GO:1905461,GO:0034393,is_a
GO:1905461,GO:1905459,is_a
GO:1905475,GO:0032880,is_a
GO:1905475,GO:0060341,is_a
GO:1905477,GO:0048522,is_a
GO:1905477,GO:1903829,is_a
GO:1905477,GO:1905475,is_a
GO:1905562,GO:0001936,is_a
GO:1905563,GO:0001937,is_a
GO:1905563,GO:1905562,is_a
GO:1905603,GO:0043114,is_a
GO:1905603,GO:0035633,part_of
GO:1905604,GO:0043116,is_a
GO:1905604,GO:1905603,is_a
GO:1905897,GO:0080135,is_a
GO:1905898,GO:0048522,is_a
GO:1905898,GO:0048584,is_a
GO:1905898,GO:1905897,is_a
GO:1905939,GO:0050793,is_a
GO:1905939,GO:2000241,is_a
GO:1905952,GO:0032879,is_a
GO:1905953,GO:0048519,is_a
GO:1905953,GO:1905952,is_a
GO:1905954,GO:0048518,is_a
GO:1905954,GO:1905952,is_a
GO:1990234,GO:1902494,is_a
GO:1990351,GO:0032991,is_a
GO:1990535,GO:0106027,is_a
GO:1990573,GO:0071805,is_a
GO:1990573,GO:0098659,is_a
GO:1990578,GO:0031090,is_a
GO:1990578,GO:0005789,part_of
GO:1990578,GO:0097038,part_of
GO:1990782,GO:0019901,is_a
GO:1990837,GO:0003690,is_a
GO:1990837,GO:0043565,is_a
GO:1990839,GO:0043434,is_a
GO:1990841,GO:0003682,is_a
GO:1990859,GO:0071375,is_a
GO:1990859,GO:1990839,is_a
GO:1990907,GO:0090575,is_a
GO:2000026,GO:0050793,is_a
GO:2000026,GO:0051239,is_a
GO:2000106,GO:0042981,is_a
GO:2000107,GO:0043066,is_a
GO:2000107,GO:2000106,is_a
GO:2000142,GO:0006355,is_a
GO:2000144,GO:0045893,is_a
GO:2000144,GO:2000142,is_a
GO:2000145,GO:0040012,is_a
GO:2000145,GO:0050794,is_a
GO:2000146,GO:0040013,is_a
GO:2000146,GO:0048523,is_a
GO:2000146,GO:2000145,is_a
GO:2000147,GO:0040017,is_a
GO:2000147,GO:0048522,is_a
GO:2000147,GO:2000145,is_a
GO:2000181,GO:0022603,is_a
GO:2000181,GO:1901343,is_a
GO:2000191,GO:0032368,is_a
GO:2000191,GO:0032890,is_a
GO:2000192,GO:0032369,is_a
GO:2000192,GO:0032891,is_a
GO:2000192,GO:2000191,is_a
GO:2000194,GO:1905939,is_a
GO:2000194,GO:2000026,is_a
GO:2000241,GO:0050789,is_a
GO:2000243,GO:0048518,is_a
GO:2000243,GO:2000241,is_a
GO:2000252,GO:0048521,is_a
GO:2000252,GO:0060259,is_a
GO:2000377,GO:0019222,is_a
GO:2000378,GO:0009892,is_a
GO:2000378,GO:2000377,is_a
GO:2000628,GO:0051252,is_a
GO:2000629,GO:0051253,is_a
GO:2000629,GO:2000628,is_a
GO:2000630,GO:0051254,is_a
GO:2000630,GO:2000628,is_a
GO:2000674,GO:1904035,is_a
GO:2000675,GO:1904036,is_a
GO:2000675,GO:2000674,is_a
GO:2001141,GO:0010556,is_a
GO:2001141,GO:0051252,is_a
GO:2001169,GO:1900371,is_a
GO:2001169,GO:1903578,is_a
GO:2001171,GO:1900373,is_a
GO:2001171,GO:1903580,is_a
GO:2001171,GO:2001169,is_a
GO:2001233,GO:0009966,is_a
GO:2001233,GO:0042981,is_a
GO:2001234,GO:0009968,is_a
GO:2001234,GO:0043066,is_a
GO:2001234,GO:2001233,is_a
GO:2001235,GO:0009967,is_a
GO:2001235,GO:0043065,is_a
GO:2001235,GO:2001233,is_a
GO:2001236,GO:2001233,is_a
GO:2001237,GO:2001234,is_a
GO:2001237,GO:2001236,is_a
GO:2001242,GO:1902531,is_a
GO:2001242,GO:2001233,is_a
GO:2001243,GO:1902532,is_a
GO:2001243,GO:2001234,is_a
GO:2001243,GO:2001242,is_a
